<annotation>
	<folder></folder>
	<filename>IMG_20221119_211310_jpg.rf.e685c95453cdc8254eb06f53621543d8.jpg</filename>
	<path>IMG_20221119_211310_jpg.rf.e685c95453cdc8254eb06f53621543d8.jpg</path>
	<source>
		<database>roboflow.ai</database>
	</source>
	<size>
		<width>300</width>
		<height>300</height>
		<depth>3</depth>
	</size>
	<segmented>0</segmented>
	<object>
		<name>kassil</name>
		<pose>Unspecified</pose>
		<truncated>0</truncated>
		<difficult>0</difficult>
		<occluded>0</occluded>
		<bndbox>
			<xmin>131</xmin>
			<xmax>152</xmax>
			<ymin>155</ymin>
			<ymax>189</ymax>
		</bndbox>
	</object>
</annotation>
