<annotation>
	<folder></folder>
	<filename>IMG_20221119_204847_jpg.rf.b8c73b213fe23ae8fa0be0e0a8ea0dfe.jpg</filename>
	<path>IMG_20221119_204847_jpg.rf.b8c73b213fe23ae8fa0be0e0a8ea0dfe.jpg</path>
	<source>
		<database>roboflow.ai</database>
	</source>
	<size>
		<width>300</width>
		<height>300</height>
		<depth>3</depth>
	</size>
	<segmented>0</segmented>
	<object>
		<name>king</name>
		<pose>Unspecified</pose>
		<truncated>0</truncated>
		<difficult>0</difficult>
		<occluded>0</occluded>
		<bndbox>
			<xmin>181</xmin>
			<xmax>258</xmax>
			<ymin>94</ymin>
			<ymax>218</ymax>
		</bndbox>
	</object>
</annotation>
