<annotation>
	<folder></folder>
	<filename>IMG_20221119_210909_jpg.rf.6f6a11cdb3e3a5e8d16e7d4659932dcc.jpg</filename>
	<path>IMG_20221119_210909_jpg.rf.6f6a11cdb3e3a5e8d16e7d4659932dcc.jpg</path>
	<source>
		<database>roboflow.ai</database>
	</source>
	<size>
		<width>300</width>
		<height>300</height>
		<depth>3</depth>
	</size>
	<segmented>0</segmented>
	<object>
		<name>karnegi</name>
		<pose>Unspecified</pose>
		<truncated>0</truncated>
		<difficult>0</difficult>
		<occluded>0</occluded>
		<bndbox>
			<xmin>41</xmin>
			<xmax>120</xmax>
			<ymin>111</ymin>
			<ymax>231</ymax>
		</bndbox>
	</object>
</annotation>
