<annotation>
	<folder></folder>
	<filename>IMG_20221121_172519_jpg.rf.8b5adbd3eb1f56049d0362fbf69825f8.jpg</filename>
	<path>IMG_20221121_172519_jpg.rf.8b5adbd3eb1f56049d0362fbf69825f8.jpg</path>
	<source>
		<database>roboflow.ai</database>
	</source>
	<size>
		<width>300</width>
		<height>300</height>
		<depth>3</depth>
	</size>
	<segmented>0</segmented>
	<object>
		<name>rowling1</name>
		<pose>Unspecified</pose>
		<truncated>0</truncated>
		<difficult>0</difficult>
		<occluded>0</occluded>
		<bndbox>
			<xmin>38</xmin>
			<xmax>96</xmax>
			<ymin>113</ymin>
			<ymax>155</ymax>
		</bndbox>
	</object>
	<object>
		<name>rowling2</name>
		<pose>Unspecified</pose>
		<truncated>0</truncated>
		<difficult>0</difficult>
		<occluded>0</occluded>
		<bndbox>
			<xmin>30</xmin>
			<xmax>99</xmax>
			<ymin>150</ymin>
			<ymax>195</ymax>
		</bndbox>
	</object>
	<object>
		<name>mitchell</name>
		<pose>Unspecified</pose>
		<truncated>0</truncated>
		<difficult>0</difficult>
		<occluded>0</occluded>
		<bndbox>
			<xmin>87</xmin>
			<xmax>150</xmax>
			<ymin>141</ymin>
			<ymax>206</ymax>
		</bndbox>
	</object>
</annotation>
