<annotation>
	<folder></folder>
	<filename>IMG_20221121_172821_jpg.rf.10a62659a58363161468b94be446e26f.jpg</filename>
	<path>IMG_20221121_172821_jpg.rf.10a62659a58363161468b94be446e26f.jpg</path>
	<source>
		<database>roboflow.ai</database>
	</source>
	<size>
		<width>300</width>
		<height>300</height>
		<depth>3</depth>
	</size>
	<segmented>0</segmented>
	<object>
		<name>tolstoy</name>
		<pose>Unspecified</pose>
		<truncated>0</truncated>
		<difficult>0</difficult>
		<occluded>0</occluded>
		<bndbox>
			<xmin>248</xmin>
			<xmax>290</xmax>
			<ymin>73</ymin>
			<ymax>101</ymax>
		</bndbox>
	</object>
	<object>
		<name>mitchell</name>
		<pose>Unspecified</pose>
		<truncated>0</truncated>
		<difficult>0</difficult>
		<occluded>0</occluded>
		<bndbox>
			<xmin>102</xmin>
			<xmax>191</xmax>
			<ymin>108</ymin>
			<ymax>161</ymax>
		</bndbox>
	</object>
	<object>
		<name>rowling2</name>
		<pose>Unspecified</pose>
		<truncated>0</truncated>
		<difficult>0</difficult>
		<occluded>0</occluded>
		<bndbox>
			<xmin>176</xmin>
			<xmax>203</xmax>
			<ymin>106</ymin>
			<ymax>201</ymax>
		</bndbox>
	</object>
	<object>
		<name>rowling1</name>
		<pose>Unspecified</pose>
		<truncated>0</truncated>
		<difficult>0</difficult>
		<occluded>0</occluded>
		<bndbox>
			<xmin>192</xmin>
			<xmax>220</xmax>
			<ymin>107</ymin>
			<ymax>205</ymax>
		</bndbox>
	</object>
</annotation>
