<annotation>
	<folder></folder>
	<filename>IMG_20221119_211804_jpg.rf.abf3aa32b0850fce0f73f0fdd772aec9.jpg</filename>
	<path>IMG_20221119_211804_jpg.rf.abf3aa32b0850fce0f73f0fdd772aec9.jpg</path>
	<source>
		<database>roboflow.ai</database>
	</source>
	<size>
		<width>300</width>
		<height>300</height>
		<depth>3</depth>
	</size>
	<segmented>0</segmented>
	<object>
		<name>rosenberg</name>
		<pose>Unspecified</pose>
		<truncated>0</truncated>
		<difficult>0</difficult>
		<occluded>0</occluded>
		<bndbox>
			<xmin>126</xmin>
			<xmax>252</xmax>
			<ymin>89</ymin>
			<ymax>147</ymax>
		</bndbox>
	</object>
</annotation>
