<annotation>
	<folder></folder>
	<filename>IMG_20221121_170808_jpg.rf.ed747aab07cfbca8e5641304522d39e3.jpg</filename>
	<path>IMG_20221121_170808_jpg.rf.ed747aab07cfbca8e5641304522d39e3.jpg</path>
	<source>
		<database>roboflow.ai</database>
	</source>
	<size>
		<width>300</width>
		<height>300</height>
		<depth>3</depth>
	</size>
	<segmented>0</segmented>
	<object>
		<name>rowling1</name>
		<pose>Unspecified</pose>
		<truncated>0</truncated>
		<difficult>0</difficult>
		<occluded>0</occluded>
		<bndbox>
			<xmin>129</xmin>
			<xmax>183</xmax>
			<ymin>127</ymin>
			<ymax>149</ymax>
		</bndbox>
	</object>
	<object>
		<name>king</name>
		<pose>Unspecified</pose>
		<truncated>0</truncated>
		<difficult>0</difficult>
		<occluded>0</occluded>
		<bndbox>
			<xmin>127</xmin>
			<xmax>173</xmax>
			<ymin>133</ymin>
			<ymax>153</ymax>
		</bndbox>
	</object>
	<object>
		<name>mitchell</name>
		<pose>Unspecified</pose>
		<truncated>0</truncated>
		<difficult>0</difficult>
		<occluded>0</occluded>
		<bndbox>
			<xmin>118</xmin>
			<xmax>173</xmax>
			<ymin>138</ymin>
			<ymax>164</ymax>
		</bndbox>
	</object>
</annotation>
