<annotation>
	<folder></folder>
	<filename>IMG_20221119_205314_jpg.rf.37570912d65be5d214c5dc4e9414ea1c.jpg</filename>
	<path>IMG_20221119_205314_jpg.rf.37570912d65be5d214c5dc4e9414ea1c.jpg</path>
	<source>
		<database>roboflow.ai</database>
	</source>
	<size>
		<width>300</width>
		<height>300</height>
		<depth>3</depth>
	</size>
	<segmented>0</segmented>
	<object>
		<name>tolstoy</name>
		<pose>Unspecified</pose>
		<truncated>0</truncated>
		<difficult>0</difficult>
		<occluded>0</occluded>
		<bndbox>
			<xmin>271</xmin>
			<xmax>287</xmax>
			<ymin>141</ymin>
			<ymax>168</ymax>
		</bndbox>
	</object>
</annotation>
