<annotation>
	<folder></folder>
	<filename>IMG_20221119_211022_jpg.rf.db91be81572be41b7f5b2ffcb05d9fb3.jpg</filename>
	<path>IMG_20221119_211022_jpg.rf.db91be81572be41b7f5b2ffcb05d9fb3.jpg</path>
	<source>
		<database>roboflow.ai</database>
	</source>
	<size>
		<width>300</width>
		<height>300</height>
		<depth>3</depth>
	</size>
	<segmented>0</segmented>
	<object>
		<name>karnegi</name>
		<pose>Unspecified</pose>
		<truncated>0</truncated>
		<difficult>0</difficult>
		<occluded>0</occluded>
		<bndbox>
			<xmin>212</xmin>
			<xmax>261</xmax>
			<ymin>205</ymin>
			<ymax>256</ymax>
		</bndbox>
	</object>
</annotation>
