<annotation>
	<folder></folder>
	<filename>IMG_20221119_210724_jpg.rf.275a47972b01382ec90f4c4fe0279fab.jpg</filename>
	<path>IMG_20221119_210724_jpg.rf.275a47972b01382ec90f4c4fe0279fab.jpg</path>
	<source>
		<database>roboflow.ai</database>
	</source>
	<size>
		<width>300</width>
		<height>300</height>
		<depth>3</depth>
	</size>
	<segmented>0</segmented>
	<object>
		<name>rowling1</name>
		<pose>Unspecified</pose>
		<truncated>0</truncated>
		<difficult>0</difficult>
		<occluded>0</occluded>
		<bndbox>
			<xmin>25</xmin>
			<xmax>57</xmax>
			<ymin>184</ymin>
			<ymax>222</ymax>
		</bndbox>
	</object>
</annotation>
