<annotation>
	<folder></folder>
	<filename>IMG_20221119_205636_jpg.rf.3865ccc2e259c3fbacdcba01a2883f24.jpg</filename>
	<path>IMG_20221119_205636_jpg.rf.3865ccc2e259c3fbacdcba01a2883f24.jpg</path>
	<source>
		<database>roboflow.ai</database>
	</source>
	<size>
		<width>300</width>
		<height>300</height>
		<depth>3</depth>
	</size>
	<segmented>0</segmented>
	<object>
		<name>mitchell</name>
		<pose>Unspecified</pose>
		<truncated>0</truncated>
		<difficult>0</difficult>
		<occluded>0</occluded>
		<bndbox>
			<xmin>32</xmin>
			<xmax>291</xmax>
			<ymin>122</ymin>
			<ymax>175</ymax>
		</bndbox>
	</object>
</annotation>
