<annotation>
	<folder></folder>
	<filename>IMG_20221121_170932_jpg.rf.db124adb99dcd3a1c27154d91dac669b.jpg</filename>
	<path>IMG_20221121_170932_jpg.rf.db124adb99dcd3a1c27154d91dac669b.jpg</path>
	<source>
		<database>roboflow.ai</database>
	</source>
	<size>
		<width>300</width>
		<height>300</height>
		<depth>3</depth>
	</size>
	<segmented>0</segmented>
	<object>
		<name>rowling1</name>
		<pose>Unspecified</pose>
		<truncated>0</truncated>
		<difficult>0</difficult>
		<occluded>0</occluded>
		<bndbox>
			<xmin>170</xmin>
			<xmax>258</xmax>
			<ymin>148</ymin>
			<ymax>209</ymax>
		</bndbox>
	</object>
	<object>
		<name>king</name>
		<pose>Unspecified</pose>
		<truncated>0</truncated>
		<difficult>0</difficult>
		<occluded>0</occluded>
		<bndbox>
			<xmin>157</xmin>
			<xmax>231</xmax>
			<ymin>157</ymin>
			<ymax>209</ymax>
		</bndbox>
	</object>
	<object>
		<name>mitchell</name>
		<pose>Unspecified</pose>
		<truncated>0</truncated>
		<difficult>0</difficult>
		<occluded>0</occluded>
		<bndbox>
			<xmin>144</xmin>
			<xmax>224</xmax>
			<ymin>157</ymin>
			<ymax>217</ymax>
		</bndbox>
	</object>
</annotation>
