<annotation>
	<folder></folder>
	<filename>IMG_20221119_210820_jpg.rf.f8abcbe2265abd823af43c9c44a3e69b.jpg</filename>
	<path>IMG_20221119_210820_jpg.rf.f8abcbe2265abd823af43c9c44a3e69b.jpg</path>
	<source>
		<database>roboflow.ai</database>
	</source>
	<size>
		<width>300</width>
		<height>300</height>
		<depth>3</depth>
	</size>
	<segmented>0</segmented>
	<object>
		<name>karnegi</name>
		<pose>Unspecified</pose>
		<truncated>0</truncated>
		<difficult>0</difficult>
		<occluded>0</occluded>
		<bndbox>
			<xmin>41</xmin>
			<xmax>207</xmax>
			<ymin>86</ymin>
			<ymax>204</ymax>
		</bndbox>
	</object>
</annotation>
