<annotation>
	<folder></folder>
	<filename>IMG_20221121_173837_jpg.rf.9e3fb1f5fd41b5f4347d16c283f8d8d6.jpg</filename>
	<path>IMG_20221121_173837_jpg.rf.9e3fb1f5fd41b5f4347d16c283f8d8d6.jpg</path>
	<source>
		<database>roboflow.ai</database>
	</source>
	<size>
		<width>300</width>
		<height>300</height>
		<depth>3</depth>
	</size>
	<segmented>0</segmented>
	<object>
		<name>rowling2</name>
		<pose>Unspecified</pose>
		<truncated>0</truncated>
		<difficult>0</difficult>
		<occluded>0</occluded>
		<bndbox>
			<xmin>82</xmin>
			<xmax>100</xmax>
			<ymin>95</ymin>
			<ymax>116</ymax>
		</bndbox>
	</object>
	<object>
		<name>mitchell</name>
		<pose>Unspecified</pose>
		<truncated>0</truncated>
		<difficult>0</difficult>
		<occluded>0</occluded>
		<bndbox>
			<xmin>80</xmin>
			<xmax>96</xmax>
			<ymin>93</ymin>
			<ymax>115</ymax>
		</bndbox>
	</object>
	<object>
		<name>rowling1</name>
		<pose>Unspecified</pose>
		<truncated>0</truncated>
		<difficult>0</difficult>
		<occluded>0</occluded>
		<bndbox>
			<xmin>78</xmin>
			<xmax>94</xmax>
			<ymin>94</ymin>
			<ymax>115</ymax>
		</bndbox>
	</object>
	<object>
		<name>tolstoy</name>
		<pose>Unspecified</pose>
		<truncated>0</truncated>
		<difficult>0</difficult>
		<occluded>0</occluded>
		<bndbox>
			<xmin>72</xmin>
			<xmax>88</xmax>
			<ymin>94</ymin>
			<ymax>115</ymax>
		</bndbox>
	</object>
	<object>
		<name>king</name>
		<pose>Unspecified</pose>
		<truncated>0</truncated>
		<difficult>0</difficult>
		<occluded>0</occluded>
		<bndbox>
			<xmin>71</xmin>
			<xmax>80</xmax>
			<ymin>95</ymin>
			<ymax>113</ymax>
		</bndbox>
	</object>
</annotation>
