<annotation>
	<folder></folder>
	<filename>IMG_20221119_210636_jpg.rf.dc965c674ab4ecbad2026c1eed87c0a2.jpg</filename>
	<path>IMG_20221119_210636_jpg.rf.dc965c674ab4ecbad2026c1eed87c0a2.jpg</path>
	<source>
		<database>roboflow.ai</database>
	</source>
	<size>
		<width>300</width>
		<height>300</height>
		<depth>3</depth>
	</size>
	<segmented>0</segmented>
	<object>
		<name>rowling1</name>
		<pose>Unspecified</pose>
		<truncated>0</truncated>
		<difficult>0</difficult>
		<occluded>0</occluded>
		<bndbox>
			<xmin>60</xmin>
			<xmax>88</xmax>
			<ymin>107</ymin>
			<ymax>144</ymax>
		</bndbox>
	</object>
</annotation>
