<annotation>
	<folder></folder>
	<filename>IMG_20221121_172449_jpg.rf.8c3ed8d7e07d4bc4f68551e8f8018d2d.jpg</filename>
	<path>IMG_20221121_172449_jpg.rf.8c3ed8d7e07d4bc4f68551e8f8018d2d.jpg</path>
	<source>
		<database>roboflow.ai</database>
	</source>
	<size>
		<width>300</width>
		<height>300</height>
		<depth>3</depth>
	</size>
	<segmented>0</segmented>
	<object>
		<name>rowling1</name>
		<pose>Unspecified</pose>
		<truncated>0</truncated>
		<difficult>0</difficult>
		<occluded>0</occluded>
		<bndbox>
			<xmin>129</xmin>
			<xmax>180</xmax>
			<ymin>109</ymin>
			<ymax>136</ymax>
		</bndbox>
	</object>
	<object>
		<name>rowling2</name>
		<pose>Unspecified</pose>
		<truncated>0</truncated>
		<difficult>0</difficult>
		<occluded>0</occluded>
		<bndbox>
			<xmin>126</xmin>
			<xmax>206</xmax>
			<ymin>180</ymin>
			<ymax>251</ymax>
		</bndbox>
	</object>
	<object>
		<name>mitchell</name>
		<pose>Unspecified</pose>
		<truncated>0</truncated>
		<difficult>0</difficult>
		<occluded>0</occluded>
		<bndbox>
			<xmin>185</xmin>
			<xmax>231</xmax>
			<ymin>140</ymin>
			<ymax>192</ymax>
		</bndbox>
	</object>
</annotation>
