<annotation>
	<folder></folder>
	<filename>IMG_20221119_211130_jpg.rf.abf87fc12aff6046294bfb965761dc8c.jpg</filename>
	<path>IMG_20221119_211130_jpg.rf.abf87fc12aff6046294bfb965761dc8c.jpg</path>
	<source>
		<database>roboflow.ai</database>
	</source>
	<size>
		<width>300</width>
		<height>300</height>
		<depth>3</depth>
	</size>
	<segmented>0</segmented>
	<object>
		<name>karnegi</name>
		<pose>Unspecified</pose>
		<truncated>0</truncated>
		<difficult>0</difficult>
		<occluded>0</occluded>
		<bndbox>
			<xmin>131</xmin>
			<xmax>168</xmax>
			<ymin>161</ymin>
			<ymax>193</ymax>
		</bndbox>
	</object>
</annotation>
