<annotation>
	<folder></folder>
	<filename>IMG_20221119_210456_jpg.rf.c426c2b9c0b79cdf7a272af4ca6bce1c.jpg</filename>
	<path>IMG_20221119_210456_jpg.rf.c426c2b9c0b79cdf7a272af4ca6bce1c.jpg</path>
	<source>
		<database>roboflow.ai</database>
	</source>
	<size>
		<width>300</width>
		<height>300</height>
		<depth>3</depth>
	</size>
	<segmented>0</segmented>
	<object>
		<name>rowling1</name>
		<pose>Unspecified</pose>
		<truncated>0</truncated>
		<difficult>0</difficult>
		<occluded>0</occluded>
		<bndbox>
			<xmin>158</xmin>
			<xmax>255</xmax>
			<ymin>105</ymin>
			<ymax>242</ymax>
		</bndbox>
	</object>
</annotation>
