<annotation>
	<folder></folder>
	<filename>IMG_20221121_170955_jpg.rf.f38829ecdc4cff70451f98d013726fc2.jpg</filename>
	<path>IMG_20221121_170955_jpg.rf.f38829ecdc4cff70451f98d013726fc2.jpg</path>
	<source>
		<database>roboflow.ai</database>
	</source>
	<size>
		<width>300</width>
		<height>300</height>
		<depth>3</depth>
	</size>
	<segmented>0</segmented>
	<object>
		<name>rowling1</name>
		<pose>Unspecified</pose>
		<truncated>0</truncated>
		<difficult>0</difficult>
		<occluded>0</occluded>
		<bndbox>
			<xmin>172</xmin>
			<xmax>277</xmax>
			<ymin>143</ymin>
			<ymax>223</ymax>
		</bndbox>
	</object>
	<object>
		<name>king</name>
		<pose>Unspecified</pose>
		<truncated>0</truncated>
		<difficult>0</difficult>
		<occluded>0</occluded>
		<bndbox>
			<xmin>159</xmin>
			<xmax>245</xmax>
			<ymin>162</ymin>
			<ymax>230</ymax>
		</bndbox>
	</object>
	<object>
		<name>mitchell</name>
		<pose>Unspecified</pose>
		<truncated>0</truncated>
		<difficult>0</difficult>
		<occluded>0</occluded>
		<bndbox>
			<xmin>148</xmin>
			<xmax>246</xmax>
			<ymin>166</ymin>
			<ymax>233</ymax>
		</bndbox>
	</object>
</annotation>
