<annotation>
	<folder></folder>
	<filename>IMG_20221119_211010_jpg.rf.bf2b0715083d00d9406aa6686b371f3a.jpg</filename>
	<path>IMG_20221119_211010_jpg.rf.bf2b0715083d00d9406aa6686b371f3a.jpg</path>
	<source>
		<database>roboflow.ai</database>
	</source>
	<size>
		<width>300</width>
		<height>300</height>
		<depth>3</depth>
	</size>
	<segmented>0</segmented>
	<object>
		<name>karnegi</name>
		<pose>Unspecified</pose>
		<truncated>0</truncated>
		<difficult>0</difficult>
		<occluded>0</occluded>
		<bndbox>
			<xmin>109</xmin>
			<xmax>148</xmax>
			<ymin>135</ymin>
			<ymax>175</ymax>
		</bndbox>
	</object>
</annotation>
