<annotation>
	<folder></folder>
	<filename>IMG_20221121_170446_jpg.rf.eaef8ca981058939cf2359a8765fee56.jpg</filename>
	<path>IMG_20221121_170446_jpg.rf.eaef8ca981058939cf2359a8765fee56.jpg</path>
	<source>
		<database>roboflow.ai</database>
	</source>
	<size>
		<width>300</width>
		<height>300</height>
		<depth>3</depth>
	</size>
	<segmented>0</segmented>
	<object>
		<name>rowling1</name>
		<pose>Unspecified</pose>
		<truncated>0</truncated>
		<difficult>0</difficult>
		<occluded>0</occluded>
		<bndbox>
			<xmin>144</xmin>
			<xmax>186</xmax>
			<ymin>199</ymin>
			<ymax>228</ymax>
		</bndbox>
	</object>
	<object>
		<name>king</name>
		<pose>Unspecified</pose>
		<truncated>0</truncated>
		<difficult>0</difficult>
		<occluded>0</occluded>
		<bndbox>
			<xmin>201</xmin>
			<xmax>235</xmax>
			<ymin>200</ymin>
			<ymax>226</ymax>
		</bndbox>
	</object>
	<object>
		<name>mitchell</name>
		<pose>Unspecified</pose>
		<truncated>0</truncated>
		<difficult>0</difficult>
		<occluded>0</occluded>
		<bndbox>
			<xmin>240</xmin>
			<xmax>279</xmax>
			<ymin>182</ymin>
			<ymax>202</ymax>
		</bndbox>
	</object>
</annotation>
