<annotation>
	<folder></folder>
	<filename>IMG_20221119_210950_jpg.rf.dd8a08e3baf4ec4be7088dc8ee432ea5.jpg</filename>
	<path>IMG_20221119_210950_jpg.rf.dd8a08e3baf4ec4be7088dc8ee432ea5.jpg</path>
	<source>
		<database>roboflow.ai</database>
	</source>
	<size>
		<width>300</width>
		<height>300</height>
		<depth>3</depth>
	</size>
	<segmented>0</segmented>
	<object>
		<name>karnegi</name>
		<pose>Unspecified</pose>
		<truncated>0</truncated>
		<difficult>0</difficult>
		<occluded>0</occluded>
		<bndbox>
			<xmin>211</xmin>
			<xmax>257</xmax>
			<ymin>208</ymin>
			<ymax>236</ymax>
		</bndbox>
	</object>
</annotation>
