<annotation>
	<folder></folder>
	<filename>IMG_20221119_204219_jpg.rf.db8337575199c598224b90f91ae52bb0.jpg</filename>
	<path>IMG_20221119_204219_jpg.rf.db8337575199c598224b90f91ae52bb0.jpg</path>
	<source>
		<database>roboflow.ai</database>
	</source>
	<size>
		<width>300</width>
		<height>300</height>
		<depth>3</depth>
	</size>
	<segmented>0</segmented>
	<object>
		<name>king</name>
		<pose>Unspecified</pose>
		<truncated>0</truncated>
		<difficult>0</difficult>
		<occluded>0</occluded>
		<bndbox>
			<xmin>99</xmin>
			<xmax>211</xmax>
			<ymin>85</ymin>
			<ymax>176</ymax>
		</bndbox>
	</object>
	<object>
		<name>kassil</name>
		<pose>Unspecified</pose>
		<truncated>0</truncated>
		<difficult>0</difficult>
		<occluded>0</occluded>
		<bndbox>
			<xmin>98</xmin>
			<xmax>218</xmax>
			<ymin>108</ymin>
			<ymax>227</ymax>
		</bndbox>
	</object>
</annotation>
