<annotation>
	<folder></folder>
	<filename>IMG_20221119_211852_jpg.rf.4e9269b4e79d8d030ec51c4d58bb690c.jpg</filename>
	<path>IMG_20221119_211852_jpg.rf.4e9269b4e79d8d030ec51c4d58bb690c.jpg</path>
	<source>
		<database>roboflow.ai</database>
	</source>
	<size>
		<width>300</width>
		<height>300</height>
		<depth>3</depth>
	</size>
	<segmented>0</segmented>
	<object>
		<name>rowling2</name>
		<pose>Unspecified</pose>
		<truncated>0</truncated>
		<difficult>0</difficult>
		<occluded>0</occluded>
		<bndbox>
			<xmin>44</xmin>
			<xmax>88</xmax>
			<ymin>188</ymin>
			<ymax>221</ymax>
		</bndbox>
	</object>
</annotation>
