<annotation>
	<folder></folder>
	<filename>IMG_20221119_205800_jpg.rf.b4c607fb472040d4f4909d0120649291.jpg</filename>
	<path>IMG_20221119_205800_jpg.rf.b4c607fb472040d4f4909d0120649291.jpg</path>
	<source>
		<database>roboflow.ai</database>
	</source>
	<size>
		<width>300</width>
		<height>300</height>
		<depth>3</depth>
	</size>
	<segmented>0</segmented>
	<object>
		<name>mitchell</name>
		<pose>Unspecified</pose>
		<truncated>0</truncated>
		<difficult>0</difficult>
		<occluded>0</occluded>
		<bndbox>
			<xmin>103</xmin>
			<xmax>210</xmax>
			<ymin>127</ymin>
			<ymax>253</ymax>
		</bndbox>
	</object>
</annotation>
