<annotation>
	<folder></folder>
	<filename>IMG_20221119_211419_jpg.rf.d40c7ab5f00ff40ed4b3e650a33454ae.jpg</filename>
	<path>IMG_20221119_211419_jpg.rf.d40c7ab5f00ff40ed4b3e650a33454ae.jpg</path>
	<source>
		<database>roboflow.ai</database>
	</source>
	<size>
		<width>300</width>
		<height>300</height>
		<depth>3</depth>
	</size>
	<segmented>0</segmented>
	<object>
		<name>kassil</name>
		<pose>Unspecified</pose>
		<truncated>0</truncated>
		<difficult>0</difficult>
		<occluded>0</occluded>
		<bndbox>
			<xmin>102</xmin>
			<xmax>188</xmax>
			<ymin>87</ymin>
			<ymax>125</ymax>
		</bndbox>
	</object>
</annotation>
