<annotation>
	<folder></folder>
	<filename>IMG_20221119_204026_jpg.rf.22ea9004e039283f31f52a9cc792f55e.jpg</filename>
	<path>IMG_20221119_204026_jpg.rf.22ea9004e039283f31f52a9cc792f55e.jpg</path>
	<source>
		<database>roboflow.ai</database>
	</source>
	<size>
		<width>300</width>
		<height>300</height>
		<depth>3</depth>
	</size>
	<segmented>0</segmented>
	<object>
		<name>kassil</name>
		<pose>Unspecified</pose>
		<truncated>0</truncated>
		<difficult>0</difficult>
		<occluded>0</occluded>
		<bndbox>
			<xmin>59</xmin>
			<xmax>175</xmax>
			<ymin>78</ymin>
			<ymax>156</ymax>
		</bndbox>
	</object>
</annotation>
