<annotation>
	<folder></folder>
	<filename>IMG_20221119_204854_jpg.rf.daa012b623f0ef8b7cbf8a21d75ffce8.jpg</filename>
	<path>IMG_20221119_204854_jpg.rf.daa012b623f0ef8b7cbf8a21d75ffce8.jpg</path>
	<source>
		<database>roboflow.ai</database>
	</source>
	<size>
		<width>300</width>
		<height>300</height>
		<depth>3</depth>
	</size>
	<segmented>0</segmented>
	<object>
		<name>king</name>
		<pose>Unspecified</pose>
		<truncated>0</truncated>
		<difficult>0</difficult>
		<occluded>0</occluded>
		<bndbox>
			<xmin>216</xmin>
			<xmax>282</xmax>
			<ymin>132</ymin>
			<ymax>236</ymax>
		</bndbox>
	</object>
</annotation>
