<annotation>
	<folder></folder>
	<filename>IMG_20221121_172525_jpg.rf.aa156dd8a2749cae0e4b6a69e3b2b182.jpg</filename>
	<path>IMG_20221121_172525_jpg.rf.aa156dd8a2749cae0e4b6a69e3b2b182.jpg</path>
	<source>
		<database>roboflow.ai</database>
	</source>
	<size>
		<width>300</width>
		<height>300</height>
		<depth>3</depth>
	</size>
	<segmented>0</segmented>
	<object>
		<name>mitchell</name>
		<pose>Unspecified</pose>
		<truncated>0</truncated>
		<difficult>0</difficult>
		<occluded>0</occluded>
		<bndbox>
			<xmin>138</xmin>
			<xmax>168</xmax>
			<ymin>114</ymin>
			<ymax>188</ymax>
		</bndbox>
	</object>
	<object>
		<name>rowling1</name>
		<pose>Unspecified</pose>
		<truncated>0</truncated>
		<difficult>0</difficult>
		<occluded>0</occluded>
		<bndbox>
			<xmin>68</xmin>
			<xmax>125</xmax>
			<ymin>132</ymin>
			<ymax>186</ymax>
		</bndbox>
	</object>
	<object>
		<name>rowling2</name>
		<pose>Unspecified</pose>
		<truncated>0</truncated>
		<difficult>0</difficult>
		<occluded>0</occluded>
		<bndbox>
			<xmin>63</xmin>
			<xmax>132</xmax>
			<ymin>156</ymin>
			<ymax>222</ymax>
		</bndbox>
	</object>
</annotation>
