<annotation>
	<folder></folder>
	<filename>IMG_20221119_210511_jpg.rf.d36cee23f27b885221af0d5e01a525c7.jpg</filename>
	<path>IMG_20221119_210511_jpg.rf.d36cee23f27b885221af0d5e01a525c7.jpg</path>
	<source>
		<database>roboflow.ai</database>
	</source>
	<size>
		<width>300</width>
		<height>300</height>
		<depth>3</depth>
	</size>
	<segmented>0</segmented>
	<object>
		<name>rowling1</name>
		<pose>Unspecified</pose>
		<truncated>0</truncated>
		<difficult>0</difficult>
		<occluded>0</occluded>
		<bndbox>
			<xmin>96</xmin>
			<xmax>240</xmax>
			<ymin>111</ymin>
			<ymax>247</ymax>
		</bndbox>
	</object>
</annotation>
