<annotation>
	<folder></folder>
	<filename>IMG_20221119_211523_jpg.rf.3a390b5a0b169de9f0ddb9c835b4a81c.jpg</filename>
	<path>IMG_20221119_211523_jpg.rf.3a390b5a0b169de9f0ddb9c835b4a81c.jpg</path>
	<source>
		<database>roboflow.ai</database>
	</source>
	<size>
		<width>300</width>
		<height>300</height>
		<depth>3</depth>
	</size>
	<segmented>0</segmented>
	<object>
		<name>rosenberg</name>
		<pose>Unspecified</pose>
		<truncated>0</truncated>
		<difficult>0</difficult>
		<occluded>0</occluded>
		<bndbox>
			<xmin>58</xmin>
			<xmax>214</xmax>
			<ymin>91</ymin>
			<ymax>197</ymax>
		</bndbox>
	</object>
</annotation>
