<annotation>
	<folder></folder>
	<filename>IMG_20221119_204021_jpg.rf.b14d935d9422cdded7853aef152a2548.jpg</filename>
	<path>IMG_20221119_204021_jpg.rf.b14d935d9422cdded7853aef152a2548.jpg</path>
	<source>
		<database>roboflow.ai</database>
	</source>
	<size>
		<width>300</width>
		<height>300</height>
		<depth>3</depth>
	</size>
	<segmented>0</segmented>
	<object>
		<name>kassil</name>
		<pose>Unspecified</pose>
		<truncated>0</truncated>
		<difficult>0</difficult>
		<occluded>0</occluded>
		<bndbox>
			<xmin>175</xmin>
			<xmax>279</xmax>
			<ymin>91</ymin>
			<ymax>204</ymax>
		</bndbox>
	</object>
</annotation>
