<annotation>
	<folder></folder>
	<filename>IMG_20221119_210928_jpg.rf.5d60f3b96a4162104f88438882885baf.jpg</filename>
	<path>IMG_20221119_210928_jpg.rf.5d60f3b96a4162104f88438882885baf.jpg</path>
	<source>
		<database>roboflow.ai</database>
	</source>
	<size>
		<width>300</width>
		<height>300</height>
		<depth>3</depth>
	</size>
	<segmented>0</segmented>
	<object>
		<name>karnegi</name>
		<pose>Unspecified</pose>
		<truncated>0</truncated>
		<difficult>0</difficult>
		<occluded>0</occluded>
		<bndbox>
			<xmin>96</xmin>
			<xmax>170</xmax>
			<ymin>121</ymin>
			<ymax>218</ymax>
		</bndbox>
	</object>
</annotation>
