<annotation>
	<folder></folder>
	<filename>IMG_20221119_204142_jpg.rf.b5f4d7e9d68768d182b95e2379988852.jpg</filename>
	<path>IMG_20221119_204142_jpg.rf.b5f4d7e9d68768d182b95e2379988852.jpg</path>
	<source>
		<database>roboflow.ai</database>
	</source>
	<size>
		<width>300</width>
		<height>300</height>
		<depth>3</depth>
	</size>
	<segmented>0</segmented>
	<object>
		<name>rosenberg</name>
		<pose>Unspecified</pose>
		<truncated>0</truncated>
		<difficult>0</difficult>
		<occluded>0</occluded>
		<bndbox>
			<xmin>209</xmin>
			<xmax>285</xmax>
			<ymin>83</ymin>
			<ymax>110</ymax>
		</bndbox>
	</object>
	<object>
		<name>king</name>
		<pose>Unspecified</pose>
		<truncated>0</truncated>
		<difficult>0</difficult>
		<occluded>0</occluded>
		<bndbox>
			<xmin>87</xmin>
			<xmax>234</xmax>
			<ymin>144</ymin>
			<ymax>207</ymax>
		</bndbox>
	</object>
	<object>
		<name>kassil</name>
		<pose>Unspecified</pose>
		<truncated>0</truncated>
		<difficult>0</difficult>
		<occluded>0</occluded>
		<bndbox>
			<xmin>2</xmin>
			<xmax>179</xmax>
			<ymin>151</ymin>
			<ymax>226</ymax>
		</bndbox>
	</object>
</annotation>
