<annotation>
	<folder></folder>
	<filename>IMG_20221119_205248_jpg.rf.5cbd52cb100eb66453e5545b192b9737.jpg</filename>
	<path>IMG_20221119_205248_jpg.rf.5cbd52cb100eb66453e5545b192b9737.jpg</path>
	<source>
		<database>roboflow.ai</database>
	</source>
	<size>
		<width>300</width>
		<height>300</height>
		<depth>3</depth>
	</size>
	<segmented>0</segmented>
	<object>
		<name>tolstoy</name>
		<pose>Unspecified</pose>
		<truncated>0</truncated>
		<difficult>0</difficult>
		<occluded>0</occluded>
		<bndbox>
			<xmin>96</xmin>
			<xmax>143</xmax>
			<ymin>178</ymin>
			<ymax>233</ymax>
		</bndbox>
	</object>
</annotation>
