<annotation>
	<folder></folder>
	<filename>IMG_20221121_175656_jpg.rf.3f3a3bc5e3a48d15e0eca4ff9eee60ff.jpg</filename>
	<path>IMG_20221121_175656_jpg.rf.3f3a3bc5e3a48d15e0eca4ff9eee60ff.jpg</path>
	<source>
		<database>roboflow.ai</database>
	</source>
	<size>
		<width>300</width>
		<height>300</height>
		<depth>3</depth>
	</size>
	<segmented>0</segmented>
	<object>
		<name>rosenberg</name>
		<pose>Unspecified</pose>
		<truncated>0</truncated>
		<difficult>0</difficult>
		<occluded>0</occluded>
		<bndbox>
			<xmin>184</xmin>
			<xmax>260</xmax>
			<ymin>192</ymin>
			<ymax>263</ymax>
		</bndbox>
	</object>
	<object>
		<name>kassil</name>
		<pose>Unspecified</pose>
		<truncated>0</truncated>
		<difficult>0</difficult>
		<occluded>0</occluded>
		<bndbox>
			<xmin>174</xmin>
			<xmax>203</xmax>
			<ymin>104</ymin>
			<ymax>165</ymax>
		</bndbox>
	</object>
</annotation>
