<annotation>
	<folder></folder>
	<filename>IMG_20221119_210852_jpg.rf.29adee865fb9dfa855a405d2f4e91851.jpg</filename>
	<path>IMG_20221119_210852_jpg.rf.29adee865fb9dfa855a405d2f4e91851.jpg</path>
	<source>
		<database>roboflow.ai</database>
	</source>
	<size>
		<width>300</width>
		<height>300</height>
		<depth>3</depth>
	</size>
	<segmented>0</segmented>
	<object>
		<name>karnegi</name>
		<pose>Unspecified</pose>
		<truncated>0</truncated>
		<difficult>0</difficult>
		<occluded>0</occluded>
		<bndbox>
			<xmin>27</xmin>
			<xmax>193</xmax>
			<ymin>87</ymin>
			<ymax>192</ymax>
		</bndbox>
	</object>
</annotation>
