<annotation>
	<folder></folder>
	<filename>IMG_20221119_210008_jpg.rf.241bb0003b4d403d36178749274c3d13.jpg</filename>
	<path>IMG_20221119_210008_jpg.rf.241bb0003b4d403d36178749274c3d13.jpg</path>
	<source>
		<database>roboflow.ai</database>
	</source>
	<size>
		<width>300</width>
		<height>300</height>
		<depth>3</depth>
	</size>
	<segmented>0</segmented>
	<object>
		<name>mitchell</name>
		<pose>Unspecified</pose>
		<truncated>0</truncated>
		<difficult>0</difficult>
		<occluded>0</occluded>
		<bndbox>
			<xmin>184</xmin>
			<xmax>268</xmax>
			<ymin>96</ymin>
			<ymax>165</ymax>
		</bndbox>
	</object>
</annotation>
