<annotation>
	<folder></folder>
	<filename>IMG_20221121_175227_jpg.rf.bc8f8324b9b3b8020988cc7da7870eb9.jpg</filename>
	<path>IMG_20221121_175227_jpg.rf.bc8f8324b9b3b8020988cc7da7870eb9.jpg</path>
	<source>
		<database>roboflow.ai</database>
	</source>
	<size>
		<width>300</width>
		<height>300</height>
		<depth>3</depth>
	</size>
	<segmented>0</segmented>
	<object>
		<name>mitchell</name>
		<pose>Unspecified</pose>
		<truncated>0</truncated>
		<difficult>0</difficult>
		<occluded>0</occluded>
		<bndbox>
			<xmin>62</xmin>
			<xmax>93</xmax>
			<ymin>102</ymin>
			<ymax>143</ymax>
		</bndbox>
	</object>
	<object>
		<name>rosenberg</name>
		<pose>Unspecified</pose>
		<truncated>0</truncated>
		<difficult>0</difficult>
		<occluded>0</occluded>
		<bndbox>
			<xmin>105</xmin>
			<xmax>132</xmax>
			<ymin>100</ymin>
			<ymax>139</ymax>
		</bndbox>
	</object>
	<object>
		<name>king</name>
		<pose>Unspecified</pose>
		<truncated>0</truncated>
		<difficult>0</difficult>
		<occluded>0</occluded>
		<bndbox>
			<xmin>144</xmin>
			<xmax>165</xmax>
			<ymin>106</ymin>
			<ymax>139</ymax>
		</bndbox>
	</object>
	<object>
		<name>rowling2</name>
		<pose>Unspecified</pose>
		<truncated>0</truncated>
		<difficult>0</difficult>
		<occluded>0</occluded>
		<bndbox>
			<xmin>155</xmin>
			<xmax>178</xmax>
			<ymin>101</ymin>
			<ymax>136</ymax>
		</bndbox>
	</object>
	<object>
		<name>king</name>
		<pose>Unspecified</pose>
		<truncated>0</truncated>
		<difficult>0</difficult>
		<occluded>0</occluded>
		<bndbox>
			<xmin>118</xmin>
			<xmax>153</xmax>
			<ymin>170</ymin>
			<ymax>234</ymax>
		</bndbox>
	</object>
</annotation>
