<annotation>
	<folder></folder>
	<filename>IMG_20221121_170455_jpg.rf.4c79f524d2b207d83eb8fa98f81533de.jpg</filename>
	<path>IMG_20221121_170455_jpg.rf.4c79f524d2b207d83eb8fa98f81533de.jpg</path>
	<source>
		<database>roboflow.ai</database>
	</source>
	<size>
		<width>300</width>
		<height>300</height>
		<depth>3</depth>
	</size>
	<segmented>0</segmented>
	<object>
		<name>mitchell</name>
		<pose>Unspecified</pose>
		<truncated>0</truncated>
		<difficult>0</difficult>
		<occluded>0</occluded>
		<bndbox>
			<xmin>203</xmin>
			<xmax>242</xmax>
			<ymin>181</ymin>
			<ymax>199</ymax>
		</bndbox>
	</object>
	<object>
		<name>king</name>
		<pose>Unspecified</pose>
		<truncated>0</truncated>
		<difficult>0</difficult>
		<occluded>0</occluded>
		<bndbox>
			<xmin>156</xmin>
			<xmax>188</xmax>
			<ymin>187</ymin>
			<ymax>201</ymax>
		</bndbox>
	</object>
	<object>
		<name>rowling1</name>
		<pose>Unspecified</pose>
		<truncated>0</truncated>
		<difficult>0</difficult>
		<occluded>0</occluded>
		<bndbox>
			<xmin>126</xmin>
			<xmax>147</xmax>
			<ymin>179</ymin>
			<ymax>194</ymax>
		</bndbox>
	</object>
</annotation>
