<annotation>
	<folder></folder>
	<filename>IMG_20221119_204931_jpg.rf.98689f1de41c3326d6d1601ab5d966b8.jpg</filename>
	<path>IMG_20221119_204931_jpg.rf.98689f1de41c3326d6d1601ab5d966b8.jpg</path>
	<source>
		<database>roboflow.ai</database>
	</source>
	<size>
		<width>300</width>
		<height>300</height>
		<depth>3</depth>
	</size>
	<segmented>0</segmented>
	<object>
		<name>king</name>
		<pose>Unspecified</pose>
		<truncated>0</truncated>
		<difficult>0</difficult>
		<occluded>0</occluded>
		<bndbox>
			<xmin>121</xmin>
			<xmax>146</xmax>
			<ymin>172</ymin>
			<ymax>209</ymax>
		</bndbox>
	</object>
</annotation>
