<annotation>
	<folder></folder>
	<filename>IMG_20221119_204900_jpg.rf.6964f4d956bb177a32b5758a561adc21.jpg</filename>
	<path>IMG_20221119_204900_jpg.rf.6964f4d956bb177a32b5758a561adc21.jpg</path>
	<source>
		<database>roboflow.ai</database>
	</source>
	<size>
		<width>300</width>
		<height>300</height>
		<depth>3</depth>
	</size>
	<segmented>0</segmented>
	<object>
		<name>king</name>
		<pose>Unspecified</pose>
		<truncated>0</truncated>
		<difficult>0</difficult>
		<occluded>0</occluded>
		<bndbox>
			<xmin>134</xmin>
			<xmax>193</xmax>
			<ymin>180</ymin>
			<ymax>264</ymax>
		</bndbox>
	</object>
</annotation>
