<annotation>
	<folder></folder>
	<filename>IMG_20221121_170503_jpg.rf.a2b59665c15c84fc8ddf8a49dd2992cc.jpg</filename>
	<path>IMG_20221121_170503_jpg.rf.a2b59665c15c84fc8ddf8a49dd2992cc.jpg</path>
	<source>
		<database>roboflow.ai</database>
	</source>
	<size>
		<width>300</width>
		<height>300</height>
		<depth>3</depth>
	</size>
	<segmented>0</segmented>
	<object>
		<name>rowling1</name>
		<pose>Unspecified</pose>
		<truncated>0</truncated>
		<difficult>0</difficult>
		<occluded>0</occluded>
		<bndbox>
			<xmin>42</xmin>
			<xmax>81</xmax>
			<ymin>136</ymin>
			<ymax>194</ymax>
		</bndbox>
	</object>
	<object>
		<name>king</name>
		<pose>Unspecified</pose>
		<truncated>0</truncated>
		<difficult>0</difficult>
		<occluded>0</occluded>
		<bndbox>
			<xmin>86</xmin>
			<xmax>149</xmax>
			<ymin>156</ymin>
			<ymax>218</ymax>
		</bndbox>
	</object>
	<object>
		<name>mitchell</name>
		<pose>Unspecified</pose>
		<truncated>0</truncated>
		<difficult>0</difficult>
		<occluded>0</occluded>
		<bndbox>
			<xmin>178</xmin>
			<xmax>276</xmax>
			<ymin>117</ymin>
			<ymax>195</ymax>
		</bndbox>
	</object>
</annotation>
