<annotation>
	<folder></folder>
	<filename>IMG_20221119_210546_jpg.rf.873e59148ec6435aa4adc5b446e95a72.jpg</filename>
	<path>IMG_20221119_210546_jpg.rf.873e59148ec6435aa4adc5b446e95a72.jpg</path>
	<source>
		<database>roboflow.ai</database>
	</source>
	<size>
		<width>300</width>
		<height>300</height>
		<depth>3</depth>
	</size>
	<segmented>0</segmented>
	<object>
		<name>rowling1</name>
		<pose>Unspecified</pose>
		<truncated>0</truncated>
		<difficult>0</difficult>
		<occluded>0</occluded>
		<bndbox>
			<xmin>105</xmin>
			<xmax>139</xmax>
			<ymin>122</ymin>
			<ymax>156</ymax>
		</bndbox>
	</object>
</annotation>
