<annotation>
	<folder></folder>
	<filename>IMG_20221119_205507_jpg.rf.e05b0dfe2a9a302429c6e7ceae4cf68e.jpg</filename>
	<path>IMG_20221119_205507_jpg.rf.e05b0dfe2a9a302429c6e7ceae4cf68e.jpg</path>
	<source>
		<database>roboflow.ai</database>
	</source>
	<size>
		<width>300</width>
		<height>300</height>
		<depth>3</depth>
	</size>
	<segmented>0</segmented>
	<object>
		<name>tolstoy</name>
		<pose>Unspecified</pose>
		<truncated>0</truncated>
		<difficult>0</difficult>
		<occluded>0</occluded>
		<bndbox>
			<xmin>38</xmin>
			<xmax>88</xmax>
			<ymin>137</ymin>
			<ymax>181</ymax>
		</bndbox>
	</object>
</annotation>
