<annotation>
	<folder></folder>
	<filename>IMG_20221121_171127_jpg.rf.ed19023c83f1b959c851246061c7a41d.jpg</filename>
	<path>IMG_20221121_171127_jpg.rf.ed19023c83f1b959c851246061c7a41d.jpg</path>
	<source>
		<database>roboflow.ai</database>
	</source>
	<size>
		<width>300</width>
		<height>300</height>
		<depth>3</depth>
	</size>
	<segmented>0</segmented>
	<object>
		<name>rowling2</name>
		<pose>Unspecified</pose>
		<truncated>0</truncated>
		<difficult>0</difficult>
		<occluded>0</occluded>
		<bndbox>
			<xmin>252</xmin>
			<xmax>285</xmax>
			<ymin>119</ymin>
			<ymax>151</ymax>
		</bndbox>
	</object>
	<object>
		<name>rowling1</name>
		<pose>Unspecified</pose>
		<truncated>0</truncated>
		<difficult>0</difficult>
		<occluded>0</occluded>
		<bndbox>
			<xmin>3</xmin>
			<xmax>56</xmax>
			<ymin>98</ymin>
			<ymax>125</ymax>
		</bndbox>
	</object>
	<object>
		<name>mitchell</name>
		<pose>Unspecified</pose>
		<truncated>0</truncated>
		<difficult>0</difficult>
		<occluded>0</occluded>
		<bndbox>
			<xmin>4</xmin>
			<xmax>57</xmax>
			<ymin>103</ymin>
			<ymax>134</ymax>
		</bndbox>
	</object>
</annotation>
