<annotation>
	<folder></folder>
	<filename>IMG_20221119_211114_jpg.rf.ff5e2bdc78512c2ea0c54b987f8ceb71.jpg</filename>
	<path>IMG_20221119_211114_jpg.rf.ff5e2bdc78512c2ea0c54b987f8ceb71.jpg</path>
	<source>
		<database>roboflow.ai</database>
	</source>
	<size>
		<width>300</width>
		<height>300</height>
		<depth>3</depth>
	</size>
	<segmented>0</segmented>
	<object>
		<name>karnegi</name>
		<pose>Unspecified</pose>
		<truncated>0</truncated>
		<difficult>0</difficult>
		<occluded>0</occluded>
		<bndbox>
			<xmin>67</xmin>
			<xmax>95</xmax>
			<ymin>130</ymin>
			<ymax>164</ymax>
		</bndbox>
	</object>
</annotation>
