<annotation>
	<folder></folder>
	<filename>IMG_20221119_205056_jpg.rf.a7b63b9d311b8edf8d47785a6aa04b14.jpg</filename>
	<path>IMG_20221119_205056_jpg.rf.a7b63b9d311b8edf8d47785a6aa04b14.jpg</path>
	<source>
		<database>roboflow.ai</database>
	</source>
	<size>
		<width>300</width>
		<height>300</height>
		<depth>3</depth>
	</size>
	<segmented>0</segmented>
	<object>
		<name>king</name>
		<pose>Unspecified</pose>
		<truncated>0</truncated>
		<difficult>0</difficult>
		<occluded>0</occluded>
		<bndbox>
			<xmin>128</xmin>
			<xmax>244</xmax>
			<ymin>88</ymin>
			<ymax>196</ymax>
		</bndbox>
	</object>
</annotation>
