<annotation>
	<folder></folder>
	<filename>IMG_20221119_205100_jpg.rf.53c4d3c2033893e45dfe979f6b31ceb3.jpg</filename>
	<path>IMG_20221119_205100_jpg.rf.53c4d3c2033893e45dfe979f6b31ceb3.jpg</path>
	<source>
		<database>roboflow.ai</database>
	</source>
	<size>
		<width>300</width>
		<height>300</height>
		<depth>3</depth>
	</size>
	<segmented>0</segmented>
	<object>
		<name>king</name>
		<pose>Unspecified</pose>
		<truncated>0</truncated>
		<difficult>0</difficult>
		<occluded>0</occluded>
		<bndbox>
			<xmin>129</xmin>
			<xmax>218</xmax>
			<ymin>86</ymin>
			<ymax>224</ymax>
		</bndbox>
	</object>
</annotation>
