<annotation>
	<folder></folder>
	<filename>IMG_20221119_210732_jpg.rf.2834f7dadd7d9d5c9d01eea756c3627c.jpg</filename>
	<path>IMG_20221119_210732_jpg.rf.2834f7dadd7d9d5c9d01eea756c3627c.jpg</path>
	<source>
		<database>roboflow.ai</database>
	</source>
	<size>
		<width>300</width>
		<height>300</height>
		<depth>3</depth>
	</size>
	<segmented>0</segmented>
	<object>
		<name>rowling1</name>
		<pose>Unspecified</pose>
		<truncated>0</truncated>
		<difficult>0</difficult>
		<occluded>0</occluded>
		<bndbox>
			<xmin>91</xmin>
			<xmax>149</xmax>
			<ymin>96</ymin>
			<ymax>211</ymax>
		</bndbox>
	</object>
</annotation>
