<annotation>
	<folder></folder>
	<filename>IMG_20221119_210717_jpg.rf.85c011858af869e04e7df05164cc9319.jpg</filename>
	<path>IMG_20221119_210717_jpg.rf.85c011858af869e04e7df05164cc9319.jpg</path>
	<source>
		<database>roboflow.ai</database>
	</source>
	<size>
		<width>300</width>
		<height>300</height>
		<depth>3</depth>
	</size>
	<segmented>0</segmented>
	<object>
		<name>rowling1</name>
		<pose>Unspecified</pose>
		<truncated>0</truncated>
		<difficult>0</difficult>
		<occluded>0</occluded>
		<bndbox>
			<xmin>32</xmin>
			<xmax>68</xmax>
			<ymin>207</ymin>
			<ymax>244</ymax>
		</bndbox>
	</object>
</annotation>
