<annotation>
	<folder></folder>
	<filename>IMG_20221121_172844_jpg.rf.d304cca3941d691e79c7c6b00dc1da85.jpg</filename>
	<path>IMG_20221121_172844_jpg.rf.d304cca3941d691e79c7c6b00dc1da85.jpg</path>
	<source>
		<database>roboflow.ai</database>
	</source>
	<size>
		<width>300</width>
		<height>300</height>
		<depth>3</depth>
	</size>
	<segmented>0</segmented>
	<object>
		<name>mitchell</name>
		<pose>Unspecified</pose>
		<truncated>0</truncated>
		<difficult>0</difficult>
		<occluded>0</occluded>
		<bndbox>
			<xmin>199</xmin>
			<xmax>247</xmax>
			<ymin>156</ymin>
			<ymax>182</ymax>
		</bndbox>
	</object>
	<object>
		<name>rowling2</name>
		<pose>Unspecified</pose>
		<truncated>0</truncated>
		<difficult>0</difficult>
		<occluded>0</occluded>
		<bndbox>
			<xmin>200</xmin>
			<xmax>248</xmax>
			<ymin>163</ymin>
			<ymax>186</ymax>
		</bndbox>
	</object>
	<object>
		<name>rowling1</name>
		<pose>Unspecified</pose>
		<truncated>0</truncated>
		<difficult>0</difficult>
		<occluded>0</occluded>
		<bndbox>
			<xmin>198</xmin>
			<xmax>242</xmax>
			<ymin>166</ymin>
			<ymax>191</ymax>
		</bndbox>
	</object>
</annotation>
