<annotation>
	<folder></folder>
	<filename>IMG_20221119_211332_jpg.rf.79b950c69504c7b492bec2a57a13c584.jpg</filename>
	<path>IMG_20221119_211332_jpg.rf.79b950c69504c7b492bec2a57a13c584.jpg</path>
	<source>
		<database>roboflow.ai</database>
	</source>
	<size>
		<width>300</width>
		<height>300</height>
		<depth>3</depth>
	</size>
	<segmented>0</segmented>
	<object>
		<name>kassil</name>
		<pose>Unspecified</pose>
		<truncated>0</truncated>
		<difficult>0</difficult>
		<occluded>0</occluded>
		<bndbox>
			<xmin>197</xmin>
			<xmax>244</xmax>
			<ymin>117</ymin>
			<ymax>138</ymax>
		</bndbox>
	</object>
</annotation>
