<annotation>
	<folder></folder>
	<filename>IMG_20221121_173628_jpg.rf.29d21dd8e6837e0fdafc5399d4dc590b.jpg</filename>
	<path>IMG_20221121_173628_jpg.rf.29d21dd8e6837e0fdafc5399d4dc590b.jpg</path>
	<source>
		<database>roboflow.ai</database>
	</source>
	<size>
		<width>300</width>
		<height>300</height>
		<depth>3</depth>
	</size>
	<segmented>0</segmented>
	<object>
		<name>king</name>
		<pose>Unspecified</pose>
		<truncated>0</truncated>
		<difficult>0</difficult>
		<occluded>0</occluded>
		<bndbox>
			<xmin>90</xmin>
			<xmax>122</xmax>
			<ymin>139</ymin>
			<ymax>159</ymax>
		</bndbox>
	</object>
	<object>
		<name>tolstoy</name>
		<pose>Unspecified</pose>
		<truncated>0</truncated>
		<difficult>0</difficult>
		<occluded>0</occluded>
		<bndbox>
			<xmin>137</xmin>
			<xmax>165</xmax>
			<ymin>93</ymin>
			<ymax>122</ymax>
		</bndbox>
	</object>
	<object>
		<name>rowling1</name>
		<pose>Unspecified</pose>
		<truncated>0</truncated>
		<difficult>0</difficult>
		<occluded>0</occluded>
		<bndbox>
			<xmin>75</xmin>
			<xmax>137</xmax>
			<ymin>165</ymin>
			<ymax>210</ymax>
		</bndbox>
	</object>
	<object>
		<name>rowling2</name>
		<pose>Unspecified</pose>
		<truncated>0</truncated>
		<difficult>0</difficult>
		<occluded>0</occluded>
		<bndbox>
			<xmin>165</xmin>
			<xmax>193</xmax>
			<ymin>145</ymin>
			<ymax>173</ymax>
		</bndbox>
	</object>
</annotation>
