<annotation>
	<folder></folder>
	<filename>IMG_20221119_211559_jpg.rf.41037e786e662e78493eda263dce20f1.jpg</filename>
	<path>IMG_20221119_211559_jpg.rf.41037e786e662e78493eda263dce20f1.jpg</path>
	<source>
		<database>roboflow.ai</database>
	</source>
	<size>
		<width>300</width>
		<height>300</height>
		<depth>3</depth>
	</size>
	<segmented>0</segmented>
	<object>
		<name>rowling2</name>
		<pose>Unspecified</pose>
		<truncated>0</truncated>
		<difficult>0</difficult>
		<occluded>0</occluded>
		<bndbox>
			<xmin>214</xmin>
			<xmax>256</xmax>
			<ymin>208</ymin>
			<ymax>253</ymax>
		</bndbox>
	</object>
	<object>
		<name>rosenberg</name>
		<pose>Unspecified</pose>
		<truncated>0</truncated>
		<difficult>0</difficult>
		<occluded>0</occluded>
		<bndbox>
			<xmin>16</xmin>
			<xmax>56</xmax>
			<ymin>185</ymin>
			<ymax>208</ymax>
		</bndbox>
	</object>
</annotation>
