<annotation>
	<folder></folder>
	<filename>IMG_20221121_170926_jpg.rf.298f483cce12e375a1f6e76e0a778361.jpg</filename>
	<path>IMG_20221121_170926_jpg.rf.298f483cce12e375a1f6e76e0a778361.jpg</path>
	<source>
		<database>roboflow.ai</database>
	</source>
	<size>
		<width>300</width>
		<height>300</height>
		<depth>3</depth>
	</size>
	<segmented>0</segmented>
	<object>
		<name>rowling1</name>
		<pose>Unspecified</pose>
		<truncated>0</truncated>
		<difficult>0</difficult>
		<occluded>0</occluded>
		<bndbox>
			<xmin>186</xmin>
			<xmax>229</xmax>
			<ymin>204</ymin>
			<ymax>223</ymax>
		</bndbox>
	</object>
	<object>
		<name>king</name>
		<pose>Unspecified</pose>
		<truncated>0</truncated>
		<difficult>0</difficult>
		<occluded>0</occluded>
		<bndbox>
			<xmin>180</xmin>
			<xmax>222</xmax>
			<ymin>210</ymin>
			<ymax>226</ymax>
		</bndbox>
	</object>
	<object>
		<name>mitchell</name>
		<pose>Unspecified</pose>
		<truncated>0</truncated>
		<difficult>0</difficult>
		<occluded>0</occluded>
		<bndbox>
			<xmin>175</xmin>
			<xmax>219</xmax>
			<ymin>212</ymin>
			<ymax>232</ymax>
		</bndbox>
	</object>
</annotation>
