<annotation>
	<folder></folder>
	<filename>IMG_20221119_211012_jpg.rf.68bf8bc8fafcbb6372acfa804d103757.jpg</filename>
	<path>IMG_20221119_211012_jpg.rf.68bf8bc8fafcbb6372acfa804d103757.jpg</path>
	<source>
		<database>roboflow.ai</database>
	</source>
	<size>
		<width>300</width>
		<height>300</height>
		<depth>3</depth>
	</size>
	<segmented>0</segmented>
	<object>
		<name>karnegi</name>
		<pose>Unspecified</pose>
		<truncated>0</truncated>
		<difficult>0</difficult>
		<occluded>0</occluded>
		<bndbox>
			<xmin>65</xmin>
			<xmax>108</xmax>
			<ymin>136</ymin>
			<ymax>178</ymax>
		</bndbox>
	</object>
</annotation>
