<annotation>
	<folder></folder>
	<filename>IMG_20221119_210736_jpg.rf.2b7268a2af3562c9e75bcdf07b0b1706.jpg</filename>
	<path>IMG_20221119_210736_jpg.rf.2b7268a2af3562c9e75bcdf07b0b1706.jpg</path>
	<source>
		<database>roboflow.ai</database>
	</source>
	<size>
		<width>300</width>
		<height>300</height>
		<depth>3</depth>
	</size>
	<segmented>0</segmented>
	<object>
		<name>rowling1</name>
		<pose>Unspecified</pose>
		<truncated>0</truncated>
		<difficult>0</difficult>
		<occluded>0</occluded>
		<bndbox>
			<xmin>77</xmin>
			<xmax>195</xmax>
			<ymin>100</ymin>
			<ymax>207</ymax>
		</bndbox>
	</object>
</annotation>
