<annotation>
	<folder></folder>
	<filename>IMG_20221119_210945_jpg.rf.bf9925bd4b09ea04094e110300d047c5.jpg</filename>
	<path>IMG_20221119_210945_jpg.rf.bf9925bd4b09ea04094e110300d047c5.jpg</path>
	<source>
		<database>roboflow.ai</database>
	</source>
	<size>
		<width>300</width>
		<height>300</height>
		<depth>3</depth>
	</size>
	<segmented>0</segmented>
	<object>
		<name>karnegi</name>
		<pose>Unspecified</pose>
		<truncated>0</truncated>
		<difficult>0</difficult>
		<occluded>0</occluded>
		<bndbox>
			<xmin>165</xmin>
			<xmax>213</xmax>
			<ymin>189</ymin>
			<ymax>235</ymax>
		</bndbox>
	</object>
</annotation>
