<annotation>
	<folder></folder>
	<filename>IMG_20221119_210553_jpg.rf.2216b1d8e8523ef241adc9f46451894e.jpg</filename>
	<path>IMG_20221119_210553_jpg.rf.2216b1d8e8523ef241adc9f46451894e.jpg</path>
	<source>
		<database>roboflow.ai</database>
	</source>
	<size>
		<width>300</width>
		<height>300</height>
		<depth>3</depth>
	</size>
	<segmented>0</segmented>
	<object>
		<name>rowling1</name>
		<pose>Unspecified</pose>
		<truncated>0</truncated>
		<difficult>0</difficult>
		<occluded>0</occluded>
		<bndbox>
			<xmin>74</xmin>
			<xmax>102</xmax>
			<ymin>78</ymin>
			<ymax>102</ymax>
		</bndbox>
	</object>
</annotation>
