<annotation>
	<folder></folder>
	<filename>IMG_20221119_205453_jpg.rf.4f8c2d1f39119b2400686e3244745fb6.jpg</filename>
	<path>IMG_20221119_205453_jpg.rf.4f8c2d1f39119b2400686e3244745fb6.jpg</path>
	<source>
		<database>roboflow.ai</database>
	</source>
	<size>
		<width>300</width>
		<height>300</height>
		<depth>3</depth>
	</size>
	<segmented>0</segmented>
	<object>
		<name>tolstoy</name>
		<pose>Unspecified</pose>
		<truncated>0</truncated>
		<difficult>0</difficult>
		<occluded>0</occluded>
		<bndbox>
			<xmin>157</xmin>
			<xmax>252</xmax>
			<ymin>94</ymin>
			<ymax>150</ymax>
		</bndbox>
	</object>
</annotation>
