<annotation>
	<folder></folder>
	<filename>IMG_20221119_211554_jpg.rf.fb326fe4d0cb515b21d50601d2f7679f.jpg</filename>
	<path>IMG_20221119_211554_jpg.rf.fb326fe4d0cb515b21d50601d2f7679f.jpg</path>
	<source>
		<database>roboflow.ai</database>
	</source>
	<size>
		<width>300</width>
		<height>300</height>
		<depth>3</depth>
	</size>
	<segmented>0</segmented>
	<object>
		<name>rosenberg</name>
		<pose>Unspecified</pose>
		<truncated>0</truncated>
		<difficult>0</difficult>
		<occluded>0</occluded>
		<bndbox>
			<xmin>109</xmin>
			<xmax>150</xmax>
			<ymin>159</ymin>
			<ymax>192</ymax>
		</bndbox>
	</object>
</annotation>
