<annotation>
	<folder></folder>
	<filename>IMG_20221119_205540_jpg.rf.8a6437968002c7618c0eaf660c522040.jpg</filename>
	<path>IMG_20221119_205540_jpg.rf.8a6437968002c7618c0eaf660c522040.jpg</path>
	<source>
		<database>roboflow.ai</database>
	</source>
	<size>
		<width>300</width>
		<height>300</height>
		<depth>3</depth>
	</size>
	<segmented>0</segmented>
	<object>
		<name>tolstoy</name>
		<pose>Unspecified</pose>
		<truncated>0</truncated>
		<difficult>0</difficult>
		<occluded>0</occluded>
		<bndbox>
			<xmin>143</xmin>
			<xmax>202</xmax>
			<ymin>165</ymin>
			<ymax>215</ymax>
		</bndbox>
	</object>
</annotation>
