<annotation>
	<folder></folder>
	<filename>IMG_20221121_175252_jpg.rf.ddfabfe31a70309f31186e0991e29ab8.jpg</filename>
	<path>IMG_20221121_175252_jpg.rf.ddfabfe31a70309f31186e0991e29ab8.jpg</path>
	<source>
		<database>roboflow.ai</database>
	</source>
	<size>
		<width>300</width>
		<height>300</height>
		<depth>3</depth>
	</size>
	<segmented>0</segmented>
	<object>
		<name>king</name>
		<pose>Unspecified</pose>
		<truncated>0</truncated>
		<difficult>0</difficult>
		<occluded>0</occluded>
		<bndbox>
			<xmin>183</xmin>
			<xmax>236</xmax>
			<ymin>150</ymin>
			<ymax>221</ymax>
		</bndbox>
	</object>
	<object>
		<name>kassil</name>
		<pose>Unspecified</pose>
		<truncated>0</truncated>
		<difficult>0</difficult>
		<occluded>0</occluded>
		<bndbox>
			<xmin>116</xmin>
			<xmax>141</xmax>
			<ymin>68</ymin>
			<ymax>113</ymax>
		</bndbox>
	</object>
</annotation>
