<annotation>
	<folder></folder>
	<filename>IMG_20221121_172355_jpg.rf.980060d57defb8cd2db0e065ae94f5b3.jpg</filename>
	<path>IMG_20221121_172355_jpg.rf.980060d57defb8cd2db0e065ae94f5b3.jpg</path>
	<source>
		<database>roboflow.ai</database>
	</source>
	<size>
		<width>300</width>
		<height>300</height>
		<depth>3</depth>
	</size>
	<segmented>0</segmented>
	<object>
		<name>rowling1</name>
		<pose>Unspecified</pose>
		<truncated>0</truncated>
		<difficult>0</difficult>
		<occluded>0</occluded>
		<bndbox>
			<xmin>10</xmin>
			<xmax>115</xmax>
			<ymin>122</ymin>
			<ymax>176</ymax>
		</bndbox>
	</object>
	<object>
		<name>rowling2</name>
		<pose>Unspecified</pose>
		<truncated>0</truncated>
		<difficult>0</difficult>
		<occluded>0</occluded>
		<bndbox>
			<xmin>132</xmin>
			<xmax>246</xmax>
			<ymin>125</ymin>
			<ymax>184</ymax>
		</bndbox>
	</object>
	<object>
		<name>mitchell</name>
		<pose>Unspecified</pose>
		<truncated>0</truncated>
		<difficult>0</difficult>
		<occluded>0</occluded>
		<bndbox>
			<xmin>171</xmin>
			<xmax>256</xmax>
			<ymin>104</ymin>
			<ymax>133</ymax>
		</bndbox>
	</object>
</annotation>
