<annotation>
	<folder></folder>
	<filename>IMG_20221119_205518_jpg.rf.ad1fbcd20ff10ccbd9937fafce90c466.jpg</filename>
	<path>IMG_20221119_205518_jpg.rf.ad1fbcd20ff10ccbd9937fafce90c466.jpg</path>
	<source>
		<database>roboflow.ai</database>
	</source>
	<size>
		<width>300</width>
		<height>300</height>
		<depth>3</depth>
	</size>
	<segmented>0</segmented>
	<object>
		<name>tolstoy</name>
		<pose>Unspecified</pose>
		<truncated>0</truncated>
		<difficult>0</difficult>
		<occluded>0</occluded>
		<bndbox>
			<xmin>149</xmin>
			<xmax>246</xmax>
			<ymin>84</ymin>
			<ymax>120</ymax>
		</bndbox>
	</object>
</annotation>
