<annotation>
	<folder></folder>
	<filename>IMG_20221119_211325_jpg.rf.63d0bb10682c462df483d519f3aa406a.jpg</filename>
	<path>IMG_20221119_211325_jpg.rf.63d0bb10682c462df483d519f3aa406a.jpg</path>
	<source>
		<database>roboflow.ai</database>
	</source>
	<size>
		<width>300</width>
		<height>300</height>
		<depth>3</depth>
	</size>
	<segmented>0</segmented>
	<object>
		<name>kassil</name>
		<pose>Unspecified</pose>
		<truncated>0</truncated>
		<difficult>0</difficult>
		<occluded>0</occluded>
		<bndbox>
			<xmin>112</xmin>
			<xmax>138</xmax>
			<ymin>139</ymin>
			<ymax>179</ymax>
		</bndbox>
	</object>
</annotation>
