<annotation>
	<folder></folder>
	<filename>IMG_20221121_180157_jpg.rf.ee6794ffc83fc5e0676a52e79e8fc9a7.jpg</filename>
	<path>IMG_20221121_180157_jpg.rf.ee6794ffc83fc5e0676a52e79e8fc9a7.jpg</path>
	<source>
		<database>roboflow.ai</database>
	</source>
	<size>
		<width>300</width>
		<height>300</height>
		<depth>3</depth>
	</size>
	<segmented>0</segmented>
	<object>
		<name>tolstoy</name>
		<pose>Unspecified</pose>
		<truncated>0</truncated>
		<difficult>0</difficult>
		<occluded>0</occluded>
		<bndbox>
			<xmin>152</xmin>
			<xmax>189</xmax>
			<ymin>185</ymin>
			<ymax>211</ymax>
		</bndbox>
	</object>
	<object>
		<name>rosenberg</name>
		<pose>Unspecified</pose>
		<truncated>0</truncated>
		<difficult>0</difficult>
		<occluded>0</occluded>
		<bndbox>
			<xmin>158</xmin>
			<xmax>185</xmax>
			<ymin>169</ymin>
			<ymax>189</ymax>
		</bndbox>
	</object>
	<object>
		<name>kassil</name>
		<pose>Unspecified</pose>
		<truncated>0</truncated>
		<difficult>0</difficult>
		<occluded>0</occluded>
		<bndbox>
			<xmin>168</xmin>
			<xmax>195</xmax>
			<ymin>168</ymin>
			<ymax>189</ymax>
		</bndbox>
	</object>
	<object>
		<name>king</name>
		<pose>Unspecified</pose>
		<truncated>0</truncated>
		<difficult>0</difficult>
		<occluded>0</occluded>
		<bndbox>
			<xmin>259</xmin>
			<xmax>300</xmax>
			<ymin>75</ymin>
			<ymax>88</ymax>
		</bndbox>
	</object>
	<object>
		<name>karnegi</name>
		<pose>Unspecified</pose>
		<truncated>0</truncated>
		<difficult>0</difficult>
		<occluded>0</occluded>
		<bndbox>
			<xmin>222</xmin>
			<xmax>244</xmax>
			<ymin>87</ymin>
			<ymax>117</ymax>
		</bndbox>
	</object>
</annotation>
