<annotation>
	<folder></folder>
	<filename>IMG_20221119_211119_jpg.rf.a95bc9c0e014a011b29404ec77ea13c3.jpg</filename>
	<path>IMG_20221119_211119_jpg.rf.a95bc9c0e014a011b29404ec77ea13c3.jpg</path>
	<source>
		<database>roboflow.ai</database>
	</source>
	<size>
		<width>300</width>
		<height>300</height>
		<depth>3</depth>
	</size>
	<segmented>0</segmented>
	<object>
		<name>karnegi</name>
		<pose>Unspecified</pose>
		<truncated>0</truncated>
		<difficult>0</difficult>
		<occluded>0</occluded>
		<bndbox>
			<xmin>107</xmin>
			<xmax>142</xmax>
			<ymin>129</ymin>
			<ymax>187</ymax>
		</bndbox>
	</object>
</annotation>
