<annotation>
	<folder></folder>
	<filename>IMG_20221119_204014_jpg.rf.3b9e3e851039119935f0248ac00c3ee8.jpg</filename>
	<path>IMG_20221119_204014_jpg.rf.3b9e3e851039119935f0248ac00c3ee8.jpg</path>
	<source>
		<database>roboflow.ai</database>
	</source>
	<size>
		<width>300</width>
		<height>300</height>
		<depth>3</depth>
	</size>
	<segmented>0</segmented>
	<object>
		<name>kassil</name>
		<pose>Unspecified</pose>
		<truncated>0</truncated>
		<difficult>0</difficult>
		<occluded>0</occluded>
		<bndbox>
			<xmin>185</xmin>
			<xmax>285</xmax>
			<ymin>92</ymin>
			<ymax>203</ymax>
		</bndbox>
	</object>
</annotation>
