<annotation>
	<folder></folder>
	<filename>IMG_20221119_205921_jpg.rf.f00d54fd85eb02f3dd7b3329fde03c9a.jpg</filename>
	<path>IMG_20221119_205921_jpg.rf.f00d54fd85eb02f3dd7b3329fde03c9a.jpg</path>
	<source>
		<database>roboflow.ai</database>
	</source>
	<size>
		<width>300</width>
		<height>300</height>
		<depth>3</depth>
	</size>
	<segmented>0</segmented>
	<object>
		<name>mitchell</name>
		<pose>Unspecified</pose>
		<truncated>0</truncated>
		<difficult>0</difficult>
		<occluded>0</occluded>
		<bndbox>
			<xmin>100</xmin>
			<xmax>123</xmax>
			<ymin>151</ymin>
			<ymax>187</ymax>
		</bndbox>
	</object>
</annotation>
