<annotation>
	<folder></folder>
	<filename>IMG_20221119_205426_jpg.rf.18174c7c66a59a546df1622586c47143.jpg</filename>
	<path>IMG_20221119_205426_jpg.rf.18174c7c66a59a546df1622586c47143.jpg</path>
	<source>
		<database>roboflow.ai</database>
	</source>
	<size>
		<width>300</width>
		<height>300</height>
		<depth>3</depth>
	</size>
	<segmented>0</segmented>
	<object>
		<name>tolstoy</name>
		<pose>Unspecified</pose>
		<truncated>0</truncated>
		<difficult>0</difficult>
		<occluded>0</occluded>
		<bndbox>
			<xmin>72</xmin>
			<xmax>97</xmax>
			<ymin>177</ymin>
			<ymax>215</ymax>
		</bndbox>
	</object>
</annotation>
