<annotation>
	<folder></folder>
	<filename>IMG_20221119_210848_jpg.rf.711708c58831bd580e10d9cd766252fb.jpg</filename>
	<path>IMG_20221119_210848_jpg.rf.711708c58831bd580e10d9cd766252fb.jpg</path>
	<source>
		<database>roboflow.ai</database>
	</source>
	<size>
		<width>300</width>
		<height>300</height>
		<depth>3</depth>
	</size>
	<segmented>0</segmented>
	<object>
		<name>karnegi</name>
		<pose>Unspecified</pose>
		<truncated>0</truncated>
		<difficult>0</difficult>
		<occluded>0</occluded>
		<bndbox>
			<xmin>48</xmin>
			<xmax>259</xmax>
			<ymin>126</ymin>
			<ymax>195</ymax>
		</bndbox>
	</object>
</annotation>
