<annotation>
	<folder></folder>
	<filename>IMG_20221119_210022_jpg.rf.e071de8a38946873e2951fca2adea360.jpg</filename>
	<path>IMG_20221119_210022_jpg.rf.e071de8a38946873e2951fca2adea360.jpg</path>
	<source>
		<database>roboflow.ai</database>
	</source>
	<size>
		<width>300</width>
		<height>300</height>
		<depth>3</depth>
	</size>
	<segmented>0</segmented>
	<object>
		<name>mitchell</name>
		<pose>Unspecified</pose>
		<truncated>0</truncated>
		<difficult>0</difficult>
		<occluded>0</occluded>
		<bndbox>
			<xmin>172</xmin>
			<xmax>265</xmax>
			<ymin>156</ymin>
			<ymax>212</ymax>
		</bndbox>
	</object>
</annotation>
