<annotation>
	<folder></folder>
	<filename>IMG_20221119_205623_jpg.rf.679c0f1e4fdd0edd99dc8811b6f6c7b4.jpg</filename>
	<path>IMG_20221119_205623_jpg.rf.679c0f1e4fdd0edd99dc8811b6f6c7b4.jpg</path>
	<source>
		<database>roboflow.ai</database>
	</source>
	<size>
		<width>300</width>
		<height>300</height>
		<depth>3</depth>
	</size>
	<segmented>0</segmented>
	<object>
		<name>mitchell</name>
		<pose>Unspecified</pose>
		<truncated>0</truncated>
		<difficult>0</difficult>
		<occluded>0</occluded>
		<bndbox>
			<xmin>78</xmin>
			<xmax>251</xmax>
			<ymin>101</ymin>
			<ymax>218</ymax>
		</bndbox>
	</object>
</annotation>
