<annotation>
	<folder></folder>
	<filename>IMG_20221119_211529_jpg.rf.c45e3f6f6eeffb41e45946059b50abb2.jpg</filename>
	<path>IMG_20221119_211529_jpg.rf.c45e3f6f6eeffb41e45946059b50abb2.jpg</path>
	<source>
		<database>roboflow.ai</database>
	</source>
	<size>
		<width>300</width>
		<height>300</height>
		<depth>3</depth>
	</size>
	<segmented>0</segmented>
	<object>
		<name>rosenberg</name>
		<pose>Unspecified</pose>
		<truncated>0</truncated>
		<difficult>0</difficult>
		<occluded>0</occluded>
		<bndbox>
			<xmin>126</xmin>
			<xmax>222</xmax>
			<ymin>59</ymin>
			<ymax>206</ymax>
		</bndbox>
	</object>
</annotation>
