<annotation>
	<folder></folder>
	<filename>IMG_20221119_205404_jpg.rf.3934442d3f76a50ec4e613dc420bd55b.jpg</filename>
	<path>IMG_20221119_205404_jpg.rf.3934442d3f76a50ec4e613dc420bd55b.jpg</path>
	<source>
		<database>roboflow.ai</database>
	</source>
	<size>
		<width>300</width>
		<height>300</height>
		<depth>3</depth>
	</size>
	<segmented>0</segmented>
	<object>
		<name>tolstoy</name>
		<pose>Unspecified</pose>
		<truncated>0</truncated>
		<difficult>0</difficult>
		<occluded>0</occluded>
		<bndbox>
			<xmin>20</xmin>
			<xmax>42</xmax>
			<ymin>163</ymin>
			<ymax>196</ymax>
		</bndbox>
	</object>
</annotation>
