<annotation>
	<folder></folder>
	<filename>IMG_20221121_171107_jpg.rf.255017f91b246e2cf805bf50241de88a.jpg</filename>
	<path>IMG_20221121_171107_jpg.rf.255017f91b246e2cf805bf50241de88a.jpg</path>
	<source>
		<database>roboflow.ai</database>
	</source>
	<size>
		<width>300</width>
		<height>300</height>
		<depth>3</depth>
	</size>
	<segmented>0</segmented>
	<object>
		<name>rowling2</name>
		<pose>Unspecified</pose>
		<truncated>0</truncated>
		<difficult>0</difficult>
		<occluded>0</occluded>
		<bndbox>
			<xmin>200</xmin>
			<xmax>247</xmax>
			<ymin>170</ymin>
			<ymax>201</ymax>
		</bndbox>
	</object>
	<object>
		<name>rowling1</name>
		<pose>Unspecified</pose>
		<truncated>0</truncated>
		<difficult>0</difficult>
		<occluded>0</occluded>
		<bndbox>
			<xmin>27</xmin>
			<xmax>70</xmax>
			<ymin>137</ymin>
			<ymax>156</ymax>
		</bndbox>
	</object>
	<object>
		<name>mitchell</name>
		<pose>Unspecified</pose>
		<truncated>0</truncated>
		<difficult>0</difficult>
		<occluded>0</occluded>
		<bndbox>
			<xmin>27</xmin>
			<xmax>70</xmax>
			<ymin>145</ymin>
			<ymax>164</ymax>
		</bndbox>
	</object>
</annotation>
