<annotation>
	<folder></folder>
	<filename>IMG_20221121_180138_jpg.rf.f16d374ca67d3a567790d608c4495f16.jpg</filename>
	<path>IMG_20221121_180138_jpg.rf.f16d374ca67d3a567790d608c4495f16.jpg</path>
	<source>
		<database>roboflow.ai</database>
	</source>
	<size>
		<width>300</width>
		<height>300</height>
		<depth>3</depth>
	</size>
	<segmented>0</segmented>
	<object>
		<name>king</name>
		<pose>Unspecified</pose>
		<truncated>0</truncated>
		<difficult>0</difficult>
		<occluded>0</occluded>
		<bndbox>
			<xmin>200</xmin>
			<xmax>238</xmax>
			<ymin>101</ymin>
			<ymax>112</ymax>
		</bndbox>
	</object>
	<object>
		<name>karnegi</name>
		<pose>Unspecified</pose>
		<truncated>0</truncated>
		<difficult>0</difficult>
		<occluded>0</occluded>
		<bndbox>
			<xmin>140</xmin>
			<xmax>160</xmax>
			<ymin>114</ymin>
			<ymax>141</ymax>
		</bndbox>
	</object>
	<object>
		<name>kassil</name>
		<pose>Unspecified</pose>
		<truncated>0</truncated>
		<difficult>0</difficult>
		<occluded>0</occluded>
		<bndbox>
			<xmin>121</xmin>
			<xmax>142</xmax>
			<ymin>203</ymin>
			<ymax>225</ymax>
		</bndbox>
	</object>
	<object>
		<name>rosenberg</name>
		<pose>Unspecified</pose>
		<truncated>0</truncated>
		<difficult>0</difficult>
		<occluded>0</occluded>
		<bndbox>
			<xmin>144</xmin>
			<xmax>163</xmax>
			<ymin>204</ymin>
			<ymax>225</ymax>
		</bndbox>
	</object>
	<object>
		<name>tolstoy</name>
		<pose>Unspecified</pose>
		<truncated>0</truncated>
		<difficult>0</difficult>
		<occluded>0</occluded>
		<bndbox>
			<xmin>121</xmin>
			<xmax>157</xmax>
			<ymin>227</ymin>
			<ymax>249</ymax>
		</bndbox>
	</object>
</annotation>
