<annotation>
	<folder></folder>
	<filename>IMG_20221119_211215_jpg.rf.4e176e7c051aef687595d1daa857f26f.jpg</filename>
	<path>IMG_20221119_211215_jpg.rf.4e176e7c051aef687595d1daa857f26f.jpg</path>
	<source>
		<database>roboflow.ai</database>
	</source>
	<size>
		<width>300</width>
		<height>300</height>
		<depth>3</depth>
	</size>
	<segmented>0</segmented>
	<object>
		<name>kassil</name>
		<pose>Unspecified</pose>
		<truncated>0</truncated>
		<difficult>0</difficult>
		<occluded>0</occluded>
		<bndbox>
			<xmin>65</xmin>
			<xmax>190</xmax>
			<ymin>116</ymin>
			<ymax>205</ymax>
		</bndbox>
	</object>
</annotation>
