<annotation>
	<folder></folder>
	<filename>IMG_20221121_175206_jpg.rf.7175b005aaac3934871b27cb8c060d44.jpg</filename>
	<path>IMG_20221121_175206_jpg.rf.7175b005aaac3934871b27cb8c060d44.jpg</path>
	<source>
		<database>roboflow.ai</database>
	</source>
	<size>
		<width>300</width>
		<height>300</height>
		<depth>3</depth>
	</size>
	<segmented>0</segmented>
	<object>
		<name>rowling1</name>
		<pose>Unspecified</pose>
		<truncated>0</truncated>
		<difficult>0</difficult>
		<occluded>0</occluded>
		<bndbox>
			<xmin>220</xmin>
			<xmax>248</xmax>
			<ymin>186</ymin>
			<ymax>204</ymax>
		</bndbox>
	</object>
	<object>
		<name>tolstoy</name>
		<pose>Unspecified</pose>
		<truncated>0</truncated>
		<difficult>0</difficult>
		<occluded>0</occluded>
		<bndbox>
			<xmin>202</xmin>
			<xmax>231</xmax>
			<ymin>160</ymin>
			<ymax>175</ymax>
		</bndbox>
	</object>
	<object>
		<name>king</name>
		<pose>Unspecified</pose>
		<truncated>0</truncated>
		<difficult>0</difficult>
		<occluded>0</occluded>
		<bndbox>
			<xmin>78</xmin>
			<xmax>91</xmax>
			<ymin>125</ymin>
			<ymax>143</ymax>
		</bndbox>
	</object>
	<object>
		<name>rowling2</name>
		<pose>Unspecified</pose>
		<truncated>0</truncated>
		<difficult>0</difficult>
		<occluded>0</occluded>
		<bndbox>
			<xmin>84</xmin>
			<xmax>98</xmax>
			<ymin>123</ymin>
			<ymax>142</ymax>
		</bndbox>
	</object>
	<object>
		<name>karnegi</name>
		<pose>Unspecified</pose>
		<truncated>0</truncated>
		<difficult>0</difficult>
		<occluded>0</occluded>
		<bndbox>
			<xmin>58</xmin>
			<xmax>79</xmax>
			<ymin>148</ymin>
			<ymax>178</ymax>
		</bndbox>
	</object>
	<object>
		<name>mitchell</name>
		<pose>Unspecified</pose>
		<truncated>0</truncated>
		<difficult>0</difficult>
		<occluded>0</occluded>
		<bndbox>
			<xmin>29</xmin>
			<xmax>47</xmax>
			<ymin>125</ymin>
			<ymax>148</ymax>
		</bndbox>
	</object>
	<object>
		<name>rosenberg</name>
		<pose>Unspecified</pose>
		<truncated>0</truncated>
		<difficult>0</difficult>
		<occluded>0</occluded>
		<bndbox>
			<xmin>55</xmin>
			<xmax>72</xmax>
			<ymin>123</ymin>
			<ymax>145</ymax>
		</bndbox>
	</object>
</annotation>
