<annotation>
	<folder></folder>
	<filename>IMG_20221121_170439_jpg.rf.b3596fb25d4367d6c0b83c3d12758d78.jpg</filename>
	<path>IMG_20221121_170439_jpg.rf.b3596fb25d4367d6c0b83c3d12758d78.jpg</path>
	<source>
		<database>roboflow.ai</database>
	</source>
	<size>
		<width>300</width>
		<height>300</height>
		<depth>3</depth>
	</size>
	<segmented>0</segmented>
	<object>
		<name>rowling1</name>
		<pose>Unspecified</pose>
		<truncated>0</truncated>
		<difficult>0</difficult>
		<occluded>0</occluded>
		<bndbox>
			<xmin>77</xmin>
			<xmax>117</xmax>
			<ymin>199</ymin>
			<ymax>219</ymax>
		</bndbox>
	</object>
	<object>
		<name>king</name>
		<pose>Unspecified</pose>
		<truncated>0</truncated>
		<difficult>0</difficult>
		<occluded>0</occluded>
		<bndbox>
			<xmin>130</xmin>
			<xmax>158</xmax>
			<ymin>199</ymin>
			<ymax>216</ymax>
		</bndbox>
	</object>
	<object>
		<name>mitchell</name>
		<pose>Unspecified</pose>
		<truncated>0</truncated>
		<difficult>0</difficult>
		<occluded>0</occluded>
		<bndbox>
			<xmin>161</xmin>
			<xmax>191</xmax>
			<ymin>189</ymin>
			<ymax>201</ymax>
		</bndbox>
	</object>
</annotation>
