<annotation>
	<folder></folder>
	<filename>IMG_20221119_204458_jpg.rf.4d4ac9b0bac3b3ae293f6834fdecb48d.jpg</filename>
	<path>IMG_20221119_204458_jpg.rf.4d4ac9b0bac3b3ae293f6834fdecb48d.jpg</path>
	<source>
		<database>roboflow.ai</database>
	</source>
	<size>
		<width>300</width>
		<height>300</height>
		<depth>3</depth>
	</size>
	<segmented>0</segmented>
	<object>
		<name>kassil</name>
		<pose>Unspecified</pose>
		<truncated>0</truncated>
		<difficult>0</difficult>
		<occluded>0</occluded>
		<bndbox>
			<xmin>9</xmin>
			<xmax>116</xmax>
			<ymin>82</ymin>
			<ymax>155</ymax>
		</bndbox>
	</object>
	<object>
		<name>mitchell</name>
		<pose>Unspecified</pose>
		<truncated>0</truncated>
		<difficult>0</difficult>
		<occluded>0</occluded>
		<bndbox>
			<xmin>101</xmin>
			<xmax>176</xmax>
			<ymin>68</ymin>
			<ymax>119</ymax>
		</bndbox>
	</object>
	<object>
		<name>tolstoy</name>
		<pose>Unspecified</pose>
		<truncated>0</truncated>
		<difficult>0</difficult>
		<occluded>0</occluded>
		<bndbox>
			<xmin>133</xmin>
			<xmax>239</xmax>
			<ymin>111</ymin>
			<ymax>184</ymax>
		</bndbox>
	</object>
</annotation>
