<annotation>
	<folder></folder>
	<filename>IMG_20221119_205408_jpg.rf.6864dc3b540c0b584350839598aabd10.jpg</filename>
	<path>IMG_20221119_205408_jpg.rf.6864dc3b540c0b584350839598aabd10.jpg</path>
	<source>
		<database>roboflow.ai</database>
	</source>
	<size>
		<width>300</width>
		<height>300</height>
		<depth>3</depth>
	</size>
	<segmented>0</segmented>
	<object>
		<name>tolstoy</name>
		<pose>Unspecified</pose>
		<truncated>0</truncated>
		<difficult>0</difficult>
		<occluded>0</occluded>
		<bndbox>
			<xmin>26</xmin>
			<xmax>47</xmax>
			<ymin>162</ymin>
			<ymax>193</ymax>
		</bndbox>
	</object>
</annotation>
