<annotation>
	<folder></folder>
	<filename>IMG_20221119_203952_jpg.rf.e15bfec33e0544326713047c5636cbe6.jpg</filename>
	<path>IMG_20221119_203952_jpg.rf.e15bfec33e0544326713047c5636cbe6.jpg</path>
	<source>
		<database>roboflow.ai</database>
	</source>
	<size>
		<width>300</width>
		<height>300</height>
		<depth>3</depth>
	</size>
	<segmented>0</segmented>
	<object>
		<name>kassil</name>
		<pose>Unspecified</pose>
		<truncated>0</truncated>
		<difficult>0</difficult>
		<occluded>0</occluded>
		<bndbox>
			<xmin>35</xmin>
			<xmax>251</xmax>
			<ymin>56</ymin>
			<ymax>214</ymax>
		</bndbox>
	</object>
</annotation>
