<annotation>
	<folder></folder>
	<filename>IMG_20221119_210658_jpg.rf.f6cea5b5e9ae968ceb6276d9e8f0072b.jpg</filename>
	<path>IMG_20221119_210658_jpg.rf.f6cea5b5e9ae968ceb6276d9e8f0072b.jpg</path>
	<source>
		<database>roboflow.ai</database>
	</source>
	<size>
		<width>300</width>
		<height>300</height>
		<depth>3</depth>
	</size>
	<segmented>0</segmented>
	<object>
		<name>rowling1</name>
		<pose>Unspecified</pose>
		<truncated>0</truncated>
		<difficult>0</difficult>
		<occluded>0</occluded>
		<bndbox>
			<xmin>88</xmin>
			<xmax>128</xmax>
			<ymin>173</ymin>
			<ymax>203</ymax>
		</bndbox>
	</object>
</annotation>
