<annotation>
	<folder></folder>
	<filename>IMG_20221119_211647_jpg.rf.7a355d79063f2a90abd371fde05dfbcc.jpg</filename>
	<path>IMG_20221119_211647_jpg.rf.7a355d79063f2a90abd371fde05dfbcc.jpg</path>
	<source>
		<database>roboflow.ai</database>
	</source>
	<size>
		<width>300</width>
		<height>300</height>
		<depth>3</depth>
	</size>
	<segmented>0</segmented>
	<object>
		<name>rosenberg</name>
		<pose>Unspecified</pose>
		<truncated>0</truncated>
		<difficult>0</difficult>
		<occluded>0</occluded>
		<bndbox>
			<xmin>99</xmin>
			<xmax>138</xmax>
			<ymin>154</ymin>
			<ymax>184</ymax>
		</bndbox>
	</object>
</annotation>
