<annotation>
	<folder></folder>
	<filename>IMG_20221121_172307_jpg.rf.ddc8f52c6e6cf26bd03398cd306dd084.jpg</filename>
	<path>IMG_20221121_172307_jpg.rf.ddc8f52c6e6cf26bd03398cd306dd084.jpg</path>
	<source>
		<database>roboflow.ai</database>
	</source>
	<size>
		<width>300</width>
		<height>300</height>
		<depth>3</depth>
	</size>
	<segmented>0</segmented>
	<object>
		<name>rowling2</name>
		<pose>Unspecified</pose>
		<truncated>0</truncated>
		<difficult>0</difficult>
		<occluded>0</occluded>
		<bndbox>
			<xmin>137</xmin>
			<xmax>176</xmax>
			<ymin>144</ymin>
			<ymax>177</ymax>
		</bndbox>
	</object>
</annotation>
