<annotation>
	<folder></folder>
	<filename>IMG_20221119_205727_jpg.rf.f5049f7f2f5c0183f1f0b8d1de71aa0e.jpg</filename>
	<path>IMG_20221119_205727_jpg.rf.f5049f7f2f5c0183f1f0b8d1de71aa0e.jpg</path>
	<source>
		<database>roboflow.ai</database>
	</source>
	<size>
		<width>300</width>
		<height>300</height>
		<depth>3</depth>
	</size>
	<segmented>0</segmented>
	<object>
		<name>mitchell</name>
		<pose>Unspecified</pose>
		<truncated>0</truncated>
		<difficult>0</difficult>
		<occluded>0</occluded>
		<bndbox>
			<xmin>104</xmin>
			<xmax>190</xmax>
			<ymin>53</ymin>
			<ymax>177</ymax>
		</bndbox>
	</object>
</annotation>
