<annotation>
	<folder></folder>
	<filename>IMG_20221119_211146_jpg.rf.57990d6a670ab3556d076e4c1e37f8ac.jpg</filename>
	<path>IMG_20221119_211146_jpg.rf.57990d6a670ab3556d076e4c1e37f8ac.jpg</path>
	<source>
		<database>roboflow.ai</database>
	</source>
	<size>
		<width>300</width>
		<height>300</height>
		<depth>3</depth>
	</size>
	<segmented>0</segmented>
	<object>
		<name>karnegi</name>
		<pose>Unspecified</pose>
		<truncated>0</truncated>
		<difficult>0</difficult>
		<occluded>0</occluded>
		<bndbox>
			<xmin>164</xmin>
			<xmax>243</xmax>
			<ymin>134</ymin>
			<ymax>175</ymax>
		</bndbox>
	</object>
</annotation>
