<annotation>
	<folder></folder>
	<filename>IMG_20221121_170729_jpg.rf.616e838e071d360a98f932fdb4759770.jpg</filename>
	<path>IMG_20221121_170729_jpg.rf.616e838e071d360a98f932fdb4759770.jpg</path>
	<source>
		<database>roboflow.ai</database>
	</source>
	<size>
		<width>300</width>
		<height>300</height>
		<depth>3</depth>
	</size>
	<segmented>0</segmented>
	<object>
		<name>mitchell</name>
		<pose>Unspecified</pose>
		<truncated>0</truncated>
		<difficult>0</difficult>
		<occluded>0</occluded>
		<bndbox>
			<xmin>152</xmin>
			<xmax>244</xmax>
			<ymin>143</ymin>
			<ymax>234</ymax>
		</bndbox>
	</object>
	<object>
		<name>rowling1</name>
		<pose>Unspecified</pose>
		<truncated>0</truncated>
		<difficult>0</difficult>
		<occluded>0</occluded>
		<bndbox>
			<xmin>113</xmin>
			<xmax>170</xmax>
			<ymin>95</ymin>
			<ymax>150</ymax>
		</bndbox>
	</object>
	<object>
		<name>king</name>
		<pose>Unspecified</pose>
		<truncated>0</truncated>
		<difficult>0</difficult>
		<occluded>0</occluded>
		<bndbox>
			<xmin>47</xmin>
			<xmax>117</xmax>
			<ymin>91</ymin>
			<ymax>132</ymax>
		</bndbox>
	</object>
</annotation>
