<annotation>
	<folder></folder>
	<filename>IMG_20221121_172217_jpg.rf.0fb9fcb19698ed14b0f2bb754da56901.jpg</filename>
	<path>IMG_20221121_172217_jpg.rf.0fb9fcb19698ed14b0f2bb754da56901.jpg</path>
	<source>
		<database>roboflow.ai</database>
	</source>
	<size>
		<width>300</width>
		<height>300</height>
		<depth>3</depth>
	</size>
	<segmented>0</segmented>
	<object>
		<name>rowling1</name>
		<pose>Unspecified</pose>
		<truncated>0</truncated>
		<difficult>0</difficult>
		<occluded>0</occluded>
		<bndbox>
			<xmin>137</xmin>
			<xmax>164</xmax>
			<ymin>163</ymin>
			<ymax>172</ymax>
		</bndbox>
	</object>
	<object>
		<name>mitchell</name>
		<pose>Unspecified</pose>
		<truncated>0</truncated>
		<difficult>0</difficult>
		<occluded>0</occluded>
		<bndbox>
			<xmin>163</xmin>
			<xmax>191</xmax>
			<ymin>162</ymin>
			<ymax>173</ymax>
		</bndbox>
	</object>
	<object>
		<name>king</name>
		<pose>Unspecified</pose>
		<truncated>0</truncated>
		<difficult>0</difficult>
		<occluded>0</occluded>
		<bndbox>
			<xmin>104</xmin>
			<xmax>142</xmax>
			<ymin>209</ymin>
			<ymax>230</ymax>
		</bndbox>
	</object>
</annotation>
