<annotation>
	<folder></folder>
	<filename>IMG_20221119_210012_jpg.rf.cc2dde0174d2b949870327d1d7e461ca.jpg</filename>
	<path>IMG_20221119_210012_jpg.rf.cc2dde0174d2b949870327d1d7e461ca.jpg</path>
	<source>
		<database>roboflow.ai</database>
	</source>
	<size>
		<width>300</width>
		<height>300</height>
		<depth>3</depth>
	</size>
	<segmented>0</segmented>
	<object>
		<name>mitchell</name>
		<pose>Unspecified</pose>
		<truncated>0</truncated>
		<difficult>0</difficult>
		<occluded>0</occluded>
		<bndbox>
			<xmin>153</xmin>
			<xmax>236</xmax>
			<ymin>161</ymin>
			<ymax>229</ymax>
		</bndbox>
	</object>
</annotation>
