<annotation>
	<folder></folder>
	<filename>IMG_20221119_211614_jpg.rf.570e240b8c6d16a85d1cc73a124360bb.jpg</filename>
	<path>IMG_20221119_211614_jpg.rf.570e240b8c6d16a85d1cc73a124360bb.jpg</path>
	<source>
		<database>roboflow.ai</database>
	</source>
	<size>
		<width>300</width>
		<height>300</height>
		<depth>3</depth>
	</size>
	<segmented>0</segmented>
	<object>
		<name>rowling2</name>
		<pose>Unspecified</pose>
		<truncated>0</truncated>
		<difficult>0</difficult>
		<occluded>0</occluded>
		<bndbox>
			<xmin>188</xmin>
			<xmax>204</xmax>
			<ymin>144</ymin>
			<ymax>170</ymax>
		</bndbox>
	</object>
	<object>
		<name>rosenberg</name>
		<pose>Unspecified</pose>
		<truncated>0</truncated>
		<difficult>0</difficult>
		<occluded>0</occluded>
		<bndbox>
			<xmin>44</xmin>
			<xmax>79</xmax>
			<ymin>186</ymin>
			<ymax>220</ymax>
		</bndbox>
	</object>
</annotation>
