<annotation>
	<folder></folder>
	<filename>IMG_20221119_205420_jpg.rf.7fa14bc1c5d582e709143e6aa9331210.jpg</filename>
	<path>IMG_20221119_205420_jpg.rf.7fa14bc1c5d582e709143e6aa9331210.jpg</path>
	<source>
		<database>roboflow.ai</database>
	</source>
	<size>
		<width>300</width>
		<height>300</height>
		<depth>3</depth>
	</size>
	<segmented>0</segmented>
	<object>
		<name>tolstoy</name>
		<pose>Unspecified</pose>
		<truncated>0</truncated>
		<difficult>0</difficult>
		<occluded>0</occluded>
		<bndbox>
			<xmin>95</xmin>
			<xmax>126</xmax>
			<ymin>80</ymin>
			<ymax>125</ymax>
		</bndbox>
	</object>
</annotation>
