<annotation>
	<folder></folder>
	<filename>IMG_20221119_210601_jpg.rf.2c74505592ee964668034e0aecfe93e7.jpg</filename>
	<path>IMG_20221119_210601_jpg.rf.2c74505592ee964668034e0aecfe93e7.jpg</path>
	<source>
		<database>roboflow.ai</database>
	</source>
	<size>
		<width>300</width>
		<height>300</height>
		<depth>3</depth>
	</size>
	<segmented>0</segmented>
	<object>
		<name>rowling1</name>
		<pose>Unspecified</pose>
		<truncated>0</truncated>
		<difficult>0</difficult>
		<occluded>0</occluded>
		<bndbox>
			<xmin>51</xmin>
			<xmax>85</xmax>
			<ymin>92</ymin>
			<ymax>112</ymax>
		</bndbox>
	</object>
</annotation>
