<annotation>
	<folder></folder>
	<filename>IMG_20221119_210942_jpg.rf.65120d6fdafed755c50b8fcbe132a7ec.jpg</filename>
	<path>IMG_20221119_210942_jpg.rf.65120d6fdafed755c50b8fcbe132a7ec.jpg</path>
	<source>
		<database>roboflow.ai</database>
	</source>
	<size>
		<width>300</width>
		<height>300</height>
		<depth>3</depth>
	</size>
	<segmented>0</segmented>
	<object>
		<name>karnegi</name>
		<pose>Unspecified</pose>
		<truncated>0</truncated>
		<difficult>0</difficult>
		<occluded>0</occluded>
		<bndbox>
			<xmin>146</xmin>
			<xmax>188</xmax>
			<ymin>163</ymin>
			<ymax>211</ymax>
		</bndbox>
	</object>
</annotation>
