<annotation>
	<folder></folder>
	<filename>IMG_20221119_210906_jpg.rf.bfc4160237ece89e6b01589e733c0c57.jpg</filename>
	<path>IMG_20221119_210906_jpg.rf.bfc4160237ece89e6b01589e733c0c57.jpg</path>
	<source>
		<database>roboflow.ai</database>
	</source>
	<size>
		<width>300</width>
		<height>300</height>
		<depth>3</depth>
	</size>
	<segmented>0</segmented>
	<object>
		<name>karnegi</name>
		<pose>Unspecified</pose>
		<truncated>0</truncated>
		<difficult>0</difficult>
		<occluded>0</occluded>
		<bndbox>
			<xmin>21</xmin>
			<xmax>121</xmax>
			<ymin>117</ymin>
			<ymax>260</ymax>
		</bndbox>
	</object>
</annotation>
