<annotation>
	<folder></folder>
	<filename>IMG_20221119_210425_jpg.rf.f78c310775e5701faa79cd45d29e67e9.jpg</filename>
	<path>IMG_20221119_210425_jpg.rf.f78c310775e5701faa79cd45d29e67e9.jpg</path>
	<source>
		<database>roboflow.ai</database>
	</source>
	<size>
		<width>300</width>
		<height>300</height>
		<depth>3</depth>
	</size>
	<segmented>0</segmented>
	<object>
		<name>rowling1</name>
		<pose>Unspecified</pose>
		<truncated>0</truncated>
		<difficult>0</difficult>
		<occluded>0</occluded>
		<bndbox>
			<xmin>95</xmin>
			<xmax>212</xmax>
			<ymin>67</ymin>
			<ymax>228</ymax>
		</bndbox>
	</object>
</annotation>
