<annotation>
	<folder></folder>
	<filename>IMG_20221119_205655_jpg.rf.ec2830b466f812e03f9ac2b0271b9768.jpg</filename>
	<path>IMG_20221119_205655_jpg.rf.ec2830b466f812e03f9ac2b0271b9768.jpg</path>
	<source>
		<database>roboflow.ai</database>
	</source>
	<size>
		<width>300</width>
		<height>300</height>
		<depth>3</depth>
	</size>
	<segmented>0</segmented>
	<object>
		<name>mitchell</name>
		<pose>Unspecified</pose>
		<truncated>0</truncated>
		<difficult>0</difficult>
		<occluded>0</occluded>
		<bndbox>
			<xmin>113</xmin>
			<xmax>277</xmax>
			<ymin>194</ymin>
			<ymax>245</ymax>
		</bndbox>
	</object>
</annotation>
