<annotation>
	<folder></folder>
	<filename>IMG_20221119_211038_jpg.rf.a839e35b661d2569ba2360101a59fd8c.jpg</filename>
	<path>IMG_20221119_211038_jpg.rf.a839e35b661d2569ba2360101a59fd8c.jpg</path>
	<source>
		<database>roboflow.ai</database>
	</source>
	<size>
		<width>300</width>
		<height>300</height>
		<depth>3</depth>
	</size>
	<segmented>0</segmented>
	<object>
		<name>karnegi</name>
		<pose>Unspecified</pose>
		<truncated>0</truncated>
		<difficult>0</difficult>
		<occluded>0</occluded>
		<bndbox>
			<xmin>52</xmin>
			<xmax>75</xmax>
			<ymin>87</ymin>
			<ymax>121</ymax>
		</bndbox>
	</object>
</annotation>
