<annotation>
	<folder></folder>
	<filename>IMG_20221119_205650_jpg.rf.b20d51bfe57571bbd94e42f949613231.jpg</filename>
	<path>IMG_20221119_205650_jpg.rf.b20d51bfe57571bbd94e42f949613231.jpg</path>
	<source>
		<database>roboflow.ai</database>
	</source>
	<size>
		<width>300</width>
		<height>300</height>
		<depth>3</depth>
	</size>
	<segmented>0</segmented>
	<object>
		<name>mitchell</name>
		<pose>Unspecified</pose>
		<truncated>0</truncated>
		<difficult>0</difficult>
		<occluded>0</occluded>
		<bndbox>
			<xmin>113</xmin>
			<xmax>256</xmax>
			<ymin>157</ymin>
			<ymax>228</ymax>
		</bndbox>
	</object>
</annotation>
