<annotation>
	<folder></folder>
	<filename>IMG_20221121_170555_jpg.rf.a5d27204f2af45ce77c3201cebb6f4af.jpg</filename>
	<path>IMG_20221121_170555_jpg.rf.a5d27204f2af45ce77c3201cebb6f4af.jpg</path>
	<source>
		<database>roboflow.ai</database>
	</source>
	<size>
		<width>300</width>
		<height>300</height>
		<depth>3</depth>
	</size>
	<segmented>0</segmented>
	<object>
		<name>mitchell</name>
		<pose>Unspecified</pose>
		<truncated>0</truncated>
		<difficult>0</difficult>
		<occluded>0</occluded>
		<bndbox>
			<xmin>112</xmin>
			<xmax>163</xmax>
			<ymin>88</ymin>
			<ymax>138</ymax>
		</bndbox>
	</object>
	<object>
		<name>rowling1</name>
		<pose>Unspecified</pose>
		<truncated>0</truncated>
		<difficult>0</difficult>
		<occluded>0</occluded>
		<bndbox>
			<xmin>73</xmin>
			<xmax>118</xmax>
			<ymin>143</ymin>
			<ymax>184</ymax>
		</bndbox>
	</object>
	<object>
		<name>king</name>
		<pose>Unspecified</pose>
		<truncated>0</truncated>
		<difficult>0</difficult>
		<occluded>0</occluded>
		<bndbox>
			<xmin>63</xmin>
			<xmax>103</xmax>
			<ymin>188</ymin>
			<ymax>243</ymax>
		</bndbox>
	</object>
</annotation>
