<annotation>
	<folder></folder>
	<filename>IMG_20221119_205200_jpg.rf.3543add54d6cfc166c5b913ccfc2526a.jpg</filename>
	<path>IMG_20221119_205200_jpg.rf.3543add54d6cfc166c5b913ccfc2526a.jpg</path>
	<source>
		<database>roboflow.ai</database>
	</source>
	<size>
		<width>300</width>
		<height>300</height>
		<depth>3</depth>
	</size>
	<segmented>0</segmented>
	<object>
		<name>tolstoy</name>
		<pose>Unspecified</pose>
		<truncated>0</truncated>
		<difficult>0</difficult>
		<occluded>0</occluded>
		<bndbox>
			<xmin>134</xmin>
			<xmax>177</xmax>
			<ymin>65</ymin>
			<ymax>245</ymax>
		</bndbox>
	</object>
</annotation>
