<annotation>
	<folder></folder>
	<filename>IMG_20221119_211658_jpg.rf.f13fe7707bf48361297330a11aef24ba.jpg</filename>
	<path>IMG_20221119_211658_jpg.rf.f13fe7707bf48361297330a11aef24ba.jpg</path>
	<source>
		<database>roboflow.ai</database>
	</source>
	<size>
		<width>300</width>
		<height>300</height>
		<depth>3</depth>
	</size>
	<segmented>0</segmented>
	<object>
		<name>rosenberg</name>
		<pose>Unspecified</pose>
		<truncated>0</truncated>
		<difficult>0</difficult>
		<occluded>0</occluded>
		<bndbox>
			<xmin>205</xmin>
			<xmax>220</xmax>
			<ymin>110</ymin>
			<ymax>131</ymax>
		</bndbox>
	</object>
	<object>
		<name>rowling2</name>
		<pose>Unspecified</pose>
		<truncated>0</truncated>
		<difficult>0</difficult>
		<occluded>0</occluded>
		<bndbox>
			<xmin>215</xmin>
			<xmax>234</xmax>
			<ymin>225</ymin>
			<ymax>255</ymax>
		</bndbox>
	</object>
</annotation>
