<annotation>
	<folder></folder>
	<filename>IMG_20221119_211110_jpg.rf.001188c01ace06505f21c64e50d4fc72.jpg</filename>
	<path>IMG_20221119_211110_jpg.rf.001188c01ace06505f21c64e50d4fc72.jpg</path>
	<source>
		<database>roboflow.ai</database>
	</source>
	<size>
		<width>300</width>
		<height>300</height>
		<depth>3</depth>
	</size>
	<segmented>0</segmented>
	<object>
		<name>karnegi</name>
		<pose>Unspecified</pose>
		<truncated>0</truncated>
		<difficult>0</difficult>
		<occluded>0</occluded>
		<bndbox>
			<xmin>43</xmin>
			<xmax>64</xmax>
			<ymin>114</ymin>
			<ymax>143</ymax>
		</bndbox>
	</object>
</annotation>
