<annotation>
	<folder></folder>
	<filename>IMG_20221121_180711_jpg.rf.8512dd0e8979fc6ae4d23707ac825fb0.jpg</filename>
	<path>IMG_20221121_180711_jpg.rf.8512dd0e8979fc6ae4d23707ac825fb0.jpg</path>
	<source>
		<database>roboflow.ai</database>
	</source>
	<size>
		<width>300</width>
		<height>300</height>
		<depth>3</depth>
	</size>
	<segmented>0</segmented>
	<object>
		<name>king</name>
		<pose>Unspecified</pose>
		<truncated>0</truncated>
		<difficult>0</difficult>
		<occluded>0</occluded>
		<bndbox>
			<xmin>191</xmin>
			<xmax>216</xmax>
			<ymin>168</ymin>
			<ymax>183</ymax>
		</bndbox>
	</object>
	<object>
		<name>rowling2</name>
		<pose>Unspecified</pose>
		<truncated>0</truncated>
		<difficult>0</difficult>
		<occluded>0</occluded>
		<bndbox>
			<xmin>204</xmin>
			<xmax>235</xmax>
			<ymin>199</ymin>
			<ymax>220</ymax>
		</bndbox>
	</object>
	<object>
		<name>rosenberg</name>
		<pose>Unspecified</pose>
		<truncated>0</truncated>
		<difficult>0</difficult>
		<occluded>0</occluded>
		<bndbox>
			<xmin>246</xmin>
			<xmax>277</xmax>
			<ymin>187</ymin>
			<ymax>207</ymax>
		</bndbox>
	</object>
</annotation>
