<annotation>
	<folder></folder>
	<filename>IMG_20221119_203619_jpg.rf.d1dd5a043b9e13f26c99c19bbc03da39.jpg</filename>
	<path>IMG_20221119_203619_jpg.rf.d1dd5a043b9e13f26c99c19bbc03da39.jpg</path>
	<source>
		<database>roboflow.ai</database>
	</source>
	<size>
		<width>300</width>
		<height>300</height>
		<depth>3</depth>
	</size>
	<segmented>0</segmented>
	<object>
		<name>king</name>
		<pose>Unspecified</pose>
		<truncated>0</truncated>
		<difficult>0</difficult>
		<occluded>0</occluded>
		<bndbox>
			<xmin>148</xmin>
			<xmax>246</xmax>
			<ymin>159</ymin>
			<ymax>241</ymax>
		</bndbox>
	</object>
</annotation>
