<annotation>
	<folder></folder>
	<filename>IMG_20221121_172316_jpg.rf.4d8b00d3d70f4937c9375e768557703b.jpg</filename>
	<path>IMG_20221121_172316_jpg.rf.4d8b00d3d70f4937c9375e768557703b.jpg</path>
	<source>
		<database>roboflow.ai</database>
	</source>
	<size>
		<width>300</width>
		<height>300</height>
		<depth>3</depth>
	</size>
	<segmented>0</segmented>
	<object>
		<name>rowling1</name>
		<pose>Unspecified</pose>
		<truncated>0</truncated>
		<difficult>0</difficult>
		<occluded>0</occluded>
		<bndbox>
			<xmin>93</xmin>
			<xmax>146</xmax>
			<ymin>152</ymin>
			<ymax>183</ymax>
		</bndbox>
	</object>
	<object>
		<name>rowling2</name>
		<pose>Unspecified</pose>
		<truncated>0</truncated>
		<difficult>0</difficult>
		<occluded>0</occluded>
		<bndbox>
			<xmin>130</xmin>
			<xmax>176</xmax>
			<ymin>196</ymin>
			<ymax>259</ymax>
		</bndbox>
	</object>
</annotation>
