<annotation>
	<folder></folder>
	<filename>IMG_20221119_210900_jpg.rf.9cf2159af42ed738119e8ff69a99eeae.jpg</filename>
	<path>IMG_20221119_210900_jpg.rf.9cf2159af42ed738119e8ff69a99eeae.jpg</path>
	<source>
		<database>roboflow.ai</database>
	</source>
	<size>
		<width>300</width>
		<height>300</height>
		<depth>3</depth>
	</size>
	<segmented>0</segmented>
	<object>
		<name>karnegi</name>
		<pose>Unspecified</pose>
		<truncated>0</truncated>
		<difficult>0</difficult>
		<occluded>0</occluded>
		<bndbox>
			<xmin>86</xmin>
			<xmax>212</xmax>
			<ymin>100</ymin>
			<ymax>238</ymax>
		</bndbox>
	</object>
</annotation>
