<annotation>
	<folder></folder>
	<filename>IMG_20221119_205150_jpg.rf.7e184bfe8e10c0a80e2a4366782e940d.jpg</filename>
	<path>IMG_20221119_205150_jpg.rf.7e184bfe8e10c0a80e2a4366782e940d.jpg</path>
	<source>
		<database>roboflow.ai</database>
	</source>
	<size>
		<width>300</width>
		<height>300</height>
		<depth>3</depth>
	</size>
	<segmented>0</segmented>
	<object>
		<name>tolstoy</name>
		<pose>Unspecified</pose>
		<truncated>0</truncated>
		<difficult>0</difficult>
		<occluded>0</occluded>
		<bndbox>
			<xmin>117</xmin>
			<xmax>238</xmax>
			<ymin>73</ymin>
			<ymax>252</ymax>
		</bndbox>
	</object>
</annotation>
