<annotation>
	<folder></folder>
	<filename>IMG_20221119_211626_jpg.rf.8abd8cbba340ab5b0f9322b294ab99f1.jpg</filename>
	<path>IMG_20221119_211626_jpg.rf.8abd8cbba340ab5b0f9322b294ab99f1.jpg</path>
	<source>
		<database>roboflow.ai</database>
	</source>
	<size>
		<width>300</width>
		<height>300</height>
		<depth>3</depth>
	</size>
	<segmented>0</segmented>
	<object>
		<name>rosenberg</name>
		<pose>Unspecified</pose>
		<truncated>0</truncated>
		<difficult>0</difficult>
		<occluded>0</occluded>
		<bndbox>
			<xmin>179</xmin>
			<xmax>220</xmax>
			<ymin>109</ymin>
			<ymax>155</ymax>
		</bndbox>
	</object>
</annotation>
