<annotation>
	<folder></folder>
	<filename>IMG_20221119_204803_jpg.rf.445be092c322fbc0f409e457dec6265e.jpg</filename>
	<path>IMG_20221119_204803_jpg.rf.445be092c322fbc0f409e457dec6265e.jpg</path>
	<source>
		<database>roboflow.ai</database>
	</source>
	<size>
		<width>300</width>
		<height>300</height>
		<depth>3</depth>
	</size>
	<segmented>0</segmented>
	<object>
		<name>king</name>
		<pose>Unspecified</pose>
		<truncated>0</truncated>
		<difficult>0</difficult>
		<occluded>0</occluded>
		<bndbox>
			<xmin>48</xmin>
			<xmax>100</xmax>
			<ymin>72</ymin>
			<ymax>143</ymax>
		</bndbox>
	</object>
</annotation>
