<annotation>
	<folder></folder>
	<filename>IMG_20221121_175708_jpg.rf.3efda5193ebcd8575386ef2896e12297.jpg</filename>
	<path>IMG_20221121_175708_jpg.rf.3efda5193ebcd8575386ef2896e12297.jpg</path>
	<source>
		<database>roboflow.ai</database>
	</source>
	<size>
		<width>300</width>
		<height>300</height>
		<depth>3</depth>
	</size>
	<segmented>0</segmented>
	<object>
		<name>karnegi</name>
		<pose>Unspecified</pose>
		<truncated>0</truncated>
		<difficult>0</difficult>
		<occluded>0</occluded>
		<bndbox>
			<xmin>38</xmin>
			<xmax>93</xmax>
			<ymin>125</ymin>
			<ymax>164</ymax>
		</bndbox>
	</object>
	<object>
		<name>kassil</name>
		<pose>Unspecified</pose>
		<truncated>0</truncated>
		<difficult>0</difficult>
		<occluded>0</occluded>
		<bndbox>
			<xmin>123</xmin>
			<xmax>136</xmax>
			<ymin>87</ymin>
			<ymax>140</ymax>
		</bndbox>
	</object>
	<object>
		<name>king</name>
		<pose>Unspecified</pose>
		<truncated>0</truncated>
		<difficult>0</difficult>
		<occluded>0</occluded>
		<bndbox>
			<xmin>95</xmin>
			<xmax>141</xmax>
			<ymin>138</ymin>
			<ymax>163</ymax>
		</bndbox>
	</object>
	<object>
		<name>rosenberg</name>
		<pose>Unspecified</pose>
		<truncated>0</truncated>
		<difficult>0</difficult>
		<occluded>0</occluded>
		<bndbox>
			<xmin>155</xmin>
			<xmax>210</xmax>
			<ymin>146</ymin>
			<ymax>179</ymax>
		</bndbox>
	</object>
</annotation>
