<annotation>
	<folder></folder>
	<filename>IMG_20221121_170534_jpg.rf.2aef8850a2d917cce8d6aacea0eb43d1.jpg</filename>
	<path>IMG_20221121_170534_jpg.rf.2aef8850a2d917cce8d6aacea0eb43d1.jpg</path>
	<source>
		<database>roboflow.ai</database>
	</source>
	<size>
		<width>300</width>
		<height>300</height>
		<depth>3</depth>
	</size>
	<segmented>0</segmented>
	<object>
		<name>mitchell</name>
		<pose>Unspecified</pose>
		<truncated>0</truncated>
		<difficult>0</difficult>
		<occluded>0</occluded>
		<bndbox>
			<xmin>108</xmin>
			<xmax>143</xmax>
			<ymin>182</ymin>
			<ymax>198</ymax>
		</bndbox>
	</object>
	<object>
		<name>rowling1</name>
		<pose>Unspecified</pose>
		<truncated>0</truncated>
		<difficult>0</difficult>
		<occluded>0</occluded>
		<bndbox>
			<xmin>72</xmin>
			<xmax>109</xmax>
			<ymin>196</ymin>
			<ymax>213</ymax>
		</bndbox>
	</object>
	<object>
		<name>king</name>
		<pose>Unspecified</pose>
		<truncated>0</truncated>
		<difficult>0</difficult>
		<occluded>0</occluded>
		<bndbox>
			<xmin>67</xmin>
			<xmax>102</xmax>
			<ymin>210</ymin>
			<ymax>232</ymax>
		</bndbox>
	</object>
</annotation>
