<annotation>
	<folder></folder>
	<filename>IMG_20221119_210508_jpg.rf.f6d6597b1a8fc39564edfe1395dcf1ff.jpg</filename>
	<path>IMG_20221119_210508_jpg.rf.f6d6597b1a8fc39564edfe1395dcf1ff.jpg</path>
	<source>
		<database>roboflow.ai</database>
	</source>
	<size>
		<width>300</width>
		<height>300</height>
		<depth>3</depth>
	</size>
	<segmented>0</segmented>
	<object>
		<name>rowling1</name>
		<pose>Unspecified</pose>
		<truncated>0</truncated>
		<difficult>0</difficult>
		<occluded>0</occluded>
		<bndbox>
			<xmin>143</xmin>
			<xmax>274</xmax>
			<ymin>70</ymin>
			<ymax>217</ymax>
		</bndbox>
	</object>
</annotation>
