<annotation>
	<folder></folder>
	<filename>IMG_20221119_203603_jpg.rf.2ab790646e70e2d84b330f9763a51bf7.jpg</filename>
	<path>IMG_20221119_203603_jpg.rf.2ab790646e70e2d84b330f9763a51bf7.jpg</path>
	<source>
		<database>roboflow.ai</database>
	</source>
	<size>
		<width>300</width>
		<height>300</height>
		<depth>3</depth>
	</size>
	<segmented>0</segmented>
	<object>
		<name>king</name>
		<pose>Unspecified</pose>
		<truncated>0</truncated>
		<difficult>0</difficult>
		<occluded>0</occluded>
		<bndbox>
			<xmin>169</xmin>
			<xmax>258</xmax>
			<ymin>123</ymin>
			<ymax>200</ymax>
		</bndbox>
	</object>
</annotation>
