<annotation>
	<folder></folder>
	<filename>IMG_20221119_211236_jpg.rf.c9345eea9a1b908b014ccb555e709c3d.jpg</filename>
	<path>IMG_20221119_211236_jpg.rf.c9345eea9a1b908b014ccb555e709c3d.jpg</path>
	<source>
		<database>roboflow.ai</database>
	</source>
	<size>
		<width>300</width>
		<height>300</height>
		<depth>3</depth>
	</size>
	<segmented>0</segmented>
	<object>
		<name>kassil</name>
		<pose>Unspecified</pose>
		<truncated>0</truncated>
		<difficult>0</difficult>
		<occluded>0</occluded>
		<bndbox>
			<xmin>96</xmin>
			<xmax>122</xmax>
			<ymin>93</ymin>
			<ymax>239</ymax>
		</bndbox>
	</object>
</annotation>
