<annotation>
	<folder></folder>
	<filename>IMG_20221119_210653_jpg.rf.6118272c2483792b1868d51516a57a4a.jpg</filename>
	<path>IMG_20221119_210653_jpg.rf.6118272c2483792b1868d51516a57a4a.jpg</path>
	<source>
		<database>roboflow.ai</database>
	</source>
	<size>
		<width>300</width>
		<height>300</height>
		<depth>3</depth>
	</size>
	<segmented>0</segmented>
	<object>
		<name>rowling1</name>
		<pose>Unspecified</pose>
		<truncated>0</truncated>
		<difficult>0</difficult>
		<occluded>0</occluded>
		<bndbox>
			<xmin>138</xmin>
			<xmax>163</xmax>
			<ymin>121</ymin>
			<ymax>158</ymax>
		</bndbox>
	</object>
</annotation>
