<annotation>
	<folder></folder>
	<filename>IMG_20221119_205836_jpg.rf.df2ec1c712981abec464d37eba984110.jpg</filename>
	<path>IMG_20221119_205836_jpg.rf.df2ec1c712981abec464d37eba984110.jpg</path>
	<source>
		<database>roboflow.ai</database>
	</source>
	<size>
		<width>300</width>
		<height>300</height>
		<depth>3</depth>
	</size>
	<segmented>0</segmented>
	<object>
		<name>mitchell</name>
		<pose>Unspecified</pose>
		<truncated>0</truncated>
		<difficult>0</difficult>
		<occluded>0</occluded>
		<bndbox>
			<xmin>256</xmin>
			<xmax>288</xmax>
			<ymin>204</ymin>
			<ymax>233</ymax>
		</bndbox>
	</object>
</annotation>
