<annotation>
	<folder></folder>
	<filename>IMG_20221121_173247_jpg.rf.3fadb67bf522b41e2eda17cbd628ea4d.jpg</filename>
	<path>IMG_20221121_173247_jpg.rf.3fadb67bf522b41e2eda17cbd628ea4d.jpg</path>
	<source>
		<database>roboflow.ai</database>
	</source>
	<size>
		<width>300</width>
		<height>300</height>
		<depth>3</depth>
	</size>
	<segmented>0</segmented>
	<object>
		<name>tolstoy</name>
		<pose>Unspecified</pose>
		<truncated>0</truncated>
		<difficult>0</difficult>
		<occluded>0</occluded>
		<bndbox>
			<xmin>117</xmin>
			<xmax>150</xmax>
			<ymin>166</ymin>
			<ymax>183</ymax>
		</bndbox>
	</object>
	<object>
		<name>rowling1</name>
		<pose>Unspecified</pose>
		<truncated>0</truncated>
		<difficult>0</difficult>
		<occluded>0</occluded>
		<bndbox>
			<xmin>85</xmin>
			<xmax>114</xmax>
			<ymin>166</ymin>
			<ymax>177</ymax>
		</bndbox>
	</object>
	<object>
		<name>king</name>
		<pose>Unspecified</pose>
		<truncated>0</truncated>
		<difficult>0</difficult>
		<occluded>0</occluded>
		<bndbox>
			<xmin>87</xmin>
			<xmax>114</xmax>
			<ymin>171</ymin>
			<ymax>181</ymax>
		</bndbox>
	</object>
</annotation>
