<annotation>
	<folder></folder>
	<filename>IMG_20221119_204715_jpg.rf.bf098f4bc25f8c25e11af241d7e29257.jpg</filename>
	<path>IMG_20221119_204715_jpg.rf.bf098f4bc25f8c25e11af241d7e29257.jpg</path>
	<source>
		<database>roboflow.ai</database>
	</source>
	<size>
		<width>300</width>
		<height>300</height>
		<depth>3</depth>
	</size>
	<segmented>0</segmented>
	<object>
		<name>king</name>
		<pose>Unspecified</pose>
		<truncated>0</truncated>
		<difficult>0</difficult>
		<occluded>0</occluded>
		<bndbox>
			<xmin>102</xmin>
			<xmax>213</xmax>
			<ymin>81</ymin>
			<ymax>242</ymax>
		</bndbox>
	</object>
</annotation>
