<annotation>
	<folder></folder>
	<filename>IMG_20221119_210843_jpg.rf.f2fca4c6fbf7885742bdd1570eaf051d.jpg</filename>
	<path>IMG_20221119_210843_jpg.rf.f2fca4c6fbf7885742bdd1570eaf051d.jpg</path>
	<source>
		<database>roboflow.ai</database>
	</source>
	<size>
		<width>300</width>
		<height>300</height>
		<depth>3</depth>
	</size>
	<segmented>0</segmented>
	<object>
		<name>karnegi</name>
		<pose>Unspecified</pose>
		<truncated>0</truncated>
		<difficult>0</difficult>
		<occluded>0</occluded>
		<bndbox>
			<xmin>95</xmin>
			<xmax>221</xmax>
			<ymin>92</ymin>
			<ymax>173</ymax>
		</bndbox>
	</object>
</annotation>
