<annotation>
	<folder></folder>
	<filename>IMG_20221121_172544_jpg.rf.8854d6674b01fc78be9736dd6df038bb.jpg</filename>
	<path>IMG_20221121_172544_jpg.rf.8854d6674b01fc78be9736dd6df038bb.jpg</path>
	<source>
		<database>roboflow.ai</database>
	</source>
	<size>
		<width>300</width>
		<height>300</height>
		<depth>3</depth>
	</size>
	<segmented>0</segmented>
	<object>
		<name>rowling1</name>
		<pose>Unspecified</pose>
		<truncated>0</truncated>
		<difficult>0</difficult>
		<occluded>0</occluded>
		<bndbox>
			<xmin>67</xmin>
			<xmax>144</xmax>
			<ymin>131</ymin>
			<ymax>196</ymax>
		</bndbox>
	</object>
	<object>
		<name>mitchell</name>
		<pose>Unspecified</pose>
		<truncated>0</truncated>
		<difficult>0</difficult>
		<occluded>0</occluded>
		<bndbox>
			<xmin>165</xmin>
			<xmax>220</xmax>
			<ymin>108</ymin>
			<ymax>189</ymax>
		</bndbox>
	</object>
	<object>
		<name>rowling2</name>
		<pose>Unspecified</pose>
		<truncated>0</truncated>
		<difficult>0</difficult>
		<occluded>0</occluded>
		<bndbox>
			<xmin>161</xmin>
			<xmax>238</xmax>
			<ymin>155</ymin>
			<ymax>211</ymax>
		</bndbox>
	</object>
</annotation>
