<annotation>
	<folder></folder>
	<filename>IMG_20221121_173929_jpg.rf.b29c4fdaa7b10165df0a897367a24d6c.jpg</filename>
	<path>IMG_20221121_173929_jpg.rf.b29c4fdaa7b10165df0a897367a24d6c.jpg</path>
	<source>
		<database>roboflow.ai</database>
	</source>
	<size>
		<width>300</width>
		<height>300</height>
		<depth>3</depth>
	</size>
	<segmented>0</segmented>
	<object>
		<name>king</name>
		<pose>Unspecified</pose>
		<truncated>0</truncated>
		<difficult>0</difficult>
		<occluded>0</occluded>
		<bndbox>
			<xmin>136</xmin>
			<xmax>164</xmax>
			<ymin>104</ymin>
			<ymax>118</ymax>
		</bndbox>
	</object>
	<object>
		<name>mitchell</name>
		<pose>Unspecified</pose>
		<truncated>0</truncated>
		<difficult>0</difficult>
		<occluded>0</occluded>
		<bndbox>
			<xmin>114</xmin>
			<xmax>143</xmax>
			<ymin>108</ymin>
			<ymax>126</ymax>
		</bndbox>
	</object>
	<object>
		<name>tolstoy</name>
		<pose>Unspecified</pose>
		<truncated>0</truncated>
		<difficult>0</difficult>
		<occluded>0</occluded>
		<bndbox>
			<xmin>120</xmin>
			<xmax>160</xmax>
			<ymin>123</ymin>
			<ymax>143</ymax>
		</bndbox>
	</object>
	<object>
		<name>rowling2</name>
		<pose>Unspecified</pose>
		<truncated>0</truncated>
		<difficult>0</difficult>
		<occluded>0</occluded>
		<bndbox>
			<xmin>153</xmin>
			<xmax>189</xmax>
			<ymin>118</ymin>
			<ymax>132</ymax>
		</bndbox>
	</object>
	<object>
		<name>rowling1</name>
		<pose>Unspecified</pose>
		<truncated>0</truncated>
		<difficult>0</difficult>
		<occluded>0</occluded>
		<bndbox>
			<xmin>160</xmin>
			<xmax>201</xmax>
			<ymin>129</ymin>
			<ymax>145</ymax>
		</bndbox>
	</object>
</annotation>
