<annotation>
	<folder></folder>
	<filename>IMG_20221119_205756_jpg.rf.cd9ee8940bb6bff3f290465933fab981.jpg</filename>
	<path>IMG_20221119_205756_jpg.rf.cd9ee8940bb6bff3f290465933fab981.jpg</path>
	<source>
		<database>roboflow.ai</database>
	</source>
	<size>
		<width>300</width>
		<height>300</height>
		<depth>3</depth>
	</size>
	<segmented>0</segmented>
	<object>
		<name>mitchell</name>
		<pose>Unspecified</pose>
		<truncated>0</truncated>
		<difficult>0</difficult>
		<occluded>0</occluded>
		<bndbox>
			<xmin>94</xmin>
			<xmax>229</xmax>
			<ymin>89</ymin>
			<ymax>180</ymax>
		</bndbox>
	</object>
</annotation>
