<annotation>
	<folder></folder>
	<filename>IMG_20221121_172232_jpg.rf.d131e2013ba2cf7e41796d24089de6cf.jpg</filename>
	<path>IMG_20221121_172232_jpg.rf.d131e2013ba2cf7e41796d24089de6cf.jpg</path>
	<source>
		<database>roboflow.ai</database>
	</source>
	<size>
		<width>300</width>
		<height>300</height>
		<depth>3</depth>
	</size>
	<segmented>0</segmented>
	<object>
		<name>mitchell</name>
		<pose>Unspecified</pose>
		<truncated>0</truncated>
		<difficult>0</difficult>
		<occluded>0</occluded>
		<bndbox>
			<xmin>107</xmin>
			<xmax>155</xmax>
			<ymin>174</ymin>
			<ymax>200</ymax>
		</bndbox>
	</object>
</annotation>
