<annotation>
	<folder></folder>
	<filename>IMG_20221119_211315_jpg.rf.32da987196294d7d32760d61159a94ad.jpg</filename>
	<path>IMG_20221119_211315_jpg.rf.32da987196294d7d32760d61159a94ad.jpg</path>
	<source>
		<database>roboflow.ai</database>
	</source>
	<size>
		<width>300</width>
		<height>300</height>
		<depth>3</depth>
	</size>
	<segmented>0</segmented>
	<object>
		<name>kassil</name>
		<pose>Unspecified</pose>
		<truncated>0</truncated>
		<difficult>0</difficult>
		<occluded>0</occluded>
		<bndbox>
			<xmin>115</xmin>
			<xmax>141</xmax>
			<ymin>136</ymin>
			<ymax>163</ymax>
		</bndbox>
	</object>
</annotation>
