<annotation>
	<folder></folder>
	<filename>IMG_20221119_205734_jpg.rf.16ac6fa5695380a19f64c579441581a1.jpg</filename>
	<path>IMG_20221119_205734_jpg.rf.16ac6fa5695380a19f64c579441581a1.jpg</path>
	<source>
		<database>roboflow.ai</database>
	</source>
	<size>
		<width>300</width>
		<height>300</height>
		<depth>3</depth>
	</size>
	<segmented>0</segmented>
	<object>
		<name>mitchell</name>
		<pose>Unspecified</pose>
		<truncated>0</truncated>
		<difficult>0</difficult>
		<occluded>0</occluded>
		<bndbox>
			<xmin>120</xmin>
			<xmax>184</xmax>
			<ymin>110</ymin>
			<ymax>159</ymax>
		</bndbox>
	</object>
</annotation>
