<annotation>
	<folder></folder>
	<filename>IMG_20221121_180351_jpg.rf.047b7cced0071e816821726c0e30be33.jpg</filename>
	<path>IMG_20221121_180351_jpg.rf.047b7cced0071e816821726c0e30be33.jpg</path>
	<source>
		<database>roboflow.ai</database>
	</source>
	<size>
		<width>300</width>
		<height>300</height>
		<depth>3</depth>
	</size>
	<segmented>0</segmented>
	<object>
		<name>mitchell</name>
		<pose>Unspecified</pose>
		<truncated>0</truncated>
		<difficult>0</difficult>
		<occluded>0</occluded>
		<bndbox>
			<xmin>113</xmin>
			<xmax>139</xmax>
			<ymin>145</ymin>
			<ymax>157</ymax>
		</bndbox>
	</object>
	<object>
		<name>kassil</name>
		<pose>Unspecified</pose>
		<truncated>0</truncated>
		<difficult>0</difficult>
		<occluded>0</occluded>
		<bndbox>
			<xmin>108</xmin>
			<xmax>134</xmax>
			<ymin>148</ymin>
			<ymax>159</ymax>
		</bndbox>
	</object>
	<object>
		<name>tolstoy</name>
		<pose>Unspecified</pose>
		<truncated>0</truncated>
		<difficult>0</difficult>
		<occluded>0</occluded>
		<bndbox>
			<xmin>99</xmin>
			<xmax>128</xmax>
			<ymin>151</ymin>
			<ymax>165</ymax>
		</bndbox>
	</object>
	<object>
		<name>rosenberg</name>
		<pose>Unspecified</pose>
		<truncated>0</truncated>
		<difficult>0</difficult>
		<occluded>0</occluded>
		<bndbox>
			<xmin>91</xmin>
			<xmax>120</xmax>
			<ymin>155</ymin>
			<ymax>168</ymax>
		</bndbox>
	</object>
	<object>
		<name>king</name>
		<pose>Unspecified</pose>
		<truncated>0</truncated>
		<difficult>0</difficult>
		<occluded>0</occluded>
		<bndbox>
			<xmin>124</xmin>
			<xmax>150</xmax>
			<ymin>164</ymin>
			<ymax>170</ymax>
		</bndbox>
	</object>
	<object>
		<name>karnegi</name>
		<pose>Unspecified</pose>
		<truncated>0</truncated>
		<difficult>0</difficult>
		<occluded>0</occluded>
		<bndbox>
			<xmin>122</xmin>
			<xmax>151</xmax>
			<ymin>167</ymin>
			<ymax>184</ymax>
		</bndbox>
	</object>
	<object>
		<name>rowling2</name>
		<pose>Unspecified</pose>
		<truncated>0</truncated>
		<difficult>0</difficult>
		<occluded>0</occluded>
		<bndbox>
			<xmin>82</xmin>
			<xmax>117</xmax>
			<ymin>181</ymin>
			<ymax>201</ymax>
		</bndbox>
	</object>
	<object>
		<name>rowling1</name>
		<pose>Unspecified</pose>
		<truncated>0</truncated>
		<difficult>0</difficult>
		<occluded>0</occluded>
		<bndbox>
			<xmin>75</xmin>
			<xmax>112</xmax>
			<ymin>188</ymin>
			<ymax>204</ymax>
		</bndbox>
	</object>
</annotation>
