<annotation>
	<folder></folder>
	<filename>IMG_20221119_205141_jpg.rf.750d7c7cb36875e64b42c61448b69e8f.jpg</filename>
	<path>IMG_20221119_205141_jpg.rf.750d7c7cb36875e64b42c61448b69e8f.jpg</path>
	<source>
		<database>roboflow.ai</database>
	</source>
	<size>
		<width>300</width>
		<height>300</height>
		<depth>3</depth>
	</size>
	<segmented>0</segmented>
	<object>
		<name>tolstoy</name>
		<pose>Unspecified</pose>
		<truncated>0</truncated>
		<difficult>0</difficult>
		<occluded>0</occluded>
		<bndbox>
			<xmin>30</xmin>
			<xmax>279</xmax>
			<ymin>118</ymin>
			<ymax>185</ymax>
		</bndbox>
	</object>
</annotation>
