<annotation>
	<folder></folder>
	<filename>IMG_20221119_211004_jpg.rf.5ede8010d66b2958b0399070707a2aee.jpg</filename>
	<path>IMG_20221119_211004_jpg.rf.5ede8010d66b2958b0399070707a2aee.jpg</path>
	<source>
		<database>roboflow.ai</database>
	</source>
	<size>
		<width>300</width>
		<height>300</height>
		<depth>3</depth>
	</size>
	<segmented>0</segmented>
	<object>
		<name>karnegi</name>
		<pose>Unspecified</pose>
		<truncated>0</truncated>
		<difficult>0</difficult>
		<occluded>0</occluded>
		<bndbox>
			<xmin>56</xmin>
			<xmax>99</xmax>
			<ymin>149</ymin>
			<ymax>187</ymax>
		</bndbox>
	</object>
</annotation>
