<annotation>
	<folder></folder>
	<filename>IMG_20221119_210645_jpg.rf.d75279f2d74736a09cbb9e1cddec8961.jpg</filename>
	<path>IMG_20221119_210645_jpg.rf.d75279f2d74736a09cbb9e1cddec8961.jpg</path>
	<source>
		<database>roboflow.ai</database>
	</source>
	<size>
		<width>300</width>
		<height>300</height>
		<depth>3</depth>
	</size>
	<segmented>0</segmented>
	<object>
		<name>rowling1</name>
		<pose>Unspecified</pose>
		<truncated>0</truncated>
		<difficult>0</difficult>
		<occluded>0</occluded>
		<bndbox>
			<xmin>34</xmin>
			<xmax>82</xmax>
			<ymin>176</ymin>
			<ymax>221</ymax>
		</bndbox>
	</object>
</annotation>
