<annotation>
	<folder></folder>
	<filename>IMG_20221119_211630_jpg.rf.ca8e080e2be6c9d5152b32e918dabf0f.jpg</filename>
	<path>IMG_20221119_211630_jpg.rf.ca8e080e2be6c9d5152b32e918dabf0f.jpg</path>
	<source>
		<database>roboflow.ai</database>
	</source>
	<size>
		<width>300</width>
		<height>300</height>
		<depth>3</depth>
	</size>
	<segmented>0</segmented>
	<object>
		<name>rosenberg</name>
		<pose>Unspecified</pose>
		<truncated>0</truncated>
		<difficult>0</difficult>
		<occluded>0</occluded>
		<bndbox>
			<xmin>237</xmin>
			<xmax>275</xmax>
			<ymin>87</ymin>
			<ymax>133</ymax>
		</bndbox>
	</object>
</annotation>
