<annotation>
	<folder></folder>
	<filename>IMG_20221119_204747_jpg.rf.49f2a14a1699bcfdb3055252effb7592.jpg</filename>
	<path>IMG_20221119_204747_jpg.rf.49f2a14a1699bcfdb3055252effb7592.jpg</path>
	<source>
		<database>roboflow.ai</database>
	</source>
	<size>
		<width>300</width>
		<height>300</height>
		<depth>3</depth>
	</size>
	<segmented>0</segmented>
	<object>
		<name>king</name>
		<pose>Unspecified</pose>
		<truncated>0</truncated>
		<difficult>0</difficult>
		<occluded>0</occluded>
		<bndbox>
			<xmin>136</xmin>
			<xmax>200</xmax>
			<ymin>69</ymin>
			<ymax>214</ymax>
		</bndbox>
	</object>
</annotation>
