<annotation>
	<folder></folder>
	<filename>IMG_20221119_211149_jpg.rf.68937e2b8a17183c4c5678f37cf24816.jpg</filename>
	<path>IMG_20221119_211149_jpg.rf.68937e2b8a17183c4c5678f37cf24816.jpg</path>
	<source>
		<database>roboflow.ai</database>
	</source>
	<size>
		<width>300</width>
		<height>300</height>
		<depth>3</depth>
	</size>
	<segmented>0</segmented>
	<object>
		<name>karnegi</name>
		<pose>Unspecified</pose>
		<truncated>0</truncated>
		<difficult>0</difficult>
		<occluded>0</occluded>
		<bndbox>
			<xmin>185</xmin>
			<xmax>265</xmax>
			<ymin>172</ymin>
			<ymax>214</ymax>
		</bndbox>
	</object>
</annotation>
