<annotation>
	<folder></folder>
	<filename>IMG_20221119_211849_jpg.rf.c022a7b0d88bb2f56c96f0e5d15525ef.jpg</filename>
	<path>IMG_20221119_211849_jpg.rf.c022a7b0d88bb2f56c96f0e5d15525ef.jpg</path>
	<source>
		<database>roboflow.ai</database>
	</source>
	<size>
		<width>300</width>
		<height>300</height>
		<depth>3</depth>
	</size>
	<segmented>0</segmented>
	<object>
		<name>rowling2</name>
		<pose>Unspecified</pose>
		<truncated>0</truncated>
		<difficult>0</difficult>
		<occluded>0</occluded>
		<bndbox>
			<xmin>94</xmin>
			<xmax>133</xmax>
			<ymin>153</ymin>
			<ymax>182</ymax>
		</bndbox>
	</object>
</annotation>
