<annotation>
	<folder></folder>
	<filename>IMG_20221119_211521_jpg.rf.2d6d5eeaecd1386a343ecd49bb037456.jpg</filename>
	<path>IMG_20221119_211521_jpg.rf.2d6d5eeaecd1386a343ecd49bb037456.jpg</path>
	<source>
		<database>roboflow.ai</database>
	</source>
	<size>
		<width>300</width>
		<height>300</height>
		<depth>3</depth>
	</size>
	<segmented>0</segmented>
	<object>
		<name>rosenberg</name>
		<pose>Unspecified</pose>
		<truncated>0</truncated>
		<difficult>0</difficult>
		<occluded>0</occluded>
		<bndbox>
			<xmin>23</xmin>
			<xmax>193</xmax>
			<ymin>126</ymin>
			<ymax>210</ymax>
		</bndbox>
	</object>
</annotation>
