<annotation>
	<folder></folder>
	<filename>IMG_20221119_211353_jpg.rf.d045f7affac6471ef762129d248adf58.jpg</filename>
	<path>IMG_20221119_211353_jpg.rf.d045f7affac6471ef762129d248adf58.jpg</path>
	<source>
		<database>roboflow.ai</database>
	</source>
	<size>
		<width>300</width>
		<height>300</height>
		<depth>3</depth>
	</size>
	<segmented>0</segmented>
	<object>
		<name>kassil</name>
		<pose>Unspecified</pose>
		<truncated>0</truncated>
		<difficult>0</difficult>
		<occluded>0</occluded>
		<bndbox>
			<xmin>115</xmin>
			<xmax>215</xmax>
			<ymin>129</ymin>
			<ymax>206</ymax>
		</bndbox>
	</object>
</annotation>
