<annotation>
	<folder></folder>
	<filename>IMG_20221121_172458_jpg.rf.66d2165ee0a8d847d0105e92ce8a29b3.jpg</filename>
	<path>IMG_20221121_172458_jpg.rf.66d2165ee0a8d847d0105e92ce8a29b3.jpg</path>
	<source>
		<database>roboflow.ai</database>
	</source>
	<size>
		<width>300</width>
		<height>300</height>
		<depth>3</depth>
	</size>
	<segmented>0</segmented>
	<object>
		<name>rowling2</name>
		<pose>Unspecified</pose>
		<truncated>0</truncated>
		<difficult>0</difficult>
		<occluded>0</occluded>
		<bndbox>
			<xmin>64</xmin>
			<xmax>142</xmax>
			<ymin>153</ymin>
			<ymax>241</ymax>
		</bndbox>
	</object>
	<object>
		<name>mitchell</name>
		<pose>Unspecified</pose>
		<truncated>0</truncated>
		<difficult>0</difficult>
		<occluded>0</occluded>
		<bndbox>
			<xmin>160</xmin>
			<xmax>237</xmax>
			<ymin>131</ymin>
			<ymax>208</ymax>
		</bndbox>
	</object>
</annotation>
