<annotation>
	<folder></folder>
	<filename>IMG_20221121_173237_jpg.rf.9afd2e448991bf9acb63613a13817704.jpg</filename>
	<path>IMG_20221121_173237_jpg.rf.9afd2e448991bf9acb63613a13817704.jpg</path>
	<source>
		<database>roboflow.ai</database>
	</source>
	<size>
		<width>300</width>
		<height>300</height>
		<depth>3</depth>
	</size>
	<segmented>0</segmented>
	<object>
		<name>rowling1</name>
		<pose>Unspecified</pose>
		<truncated>0</truncated>
		<difficult>0</difficult>
		<occluded>0</occluded>
		<bndbox>
			<xmin>105</xmin>
			<xmax>132</xmax>
			<ymin>180</ymin>
			<ymax>192</ymax>
		</bndbox>
	</object>
	<object>
		<name>tolstoy</name>
		<pose>Unspecified</pose>
		<truncated>0</truncated>
		<difficult>0</difficult>
		<occluded>0</occluded>
		<bndbox>
			<xmin>137</xmin>
			<xmax>161</xmax>
			<ymin>177</ymin>
			<ymax>187</ymax>
		</bndbox>
	</object>
	<object>
		<name>king</name>
		<pose>Unspecified</pose>
		<truncated>0</truncated>
		<difficult>0</difficult>
		<occluded>0</occluded>
		<bndbox>
			<xmin>119</xmin>
			<xmax>142</xmax>
			<ymin>183</ymin>
			<ymax>194</ymax>
		</bndbox>
	</object>
</annotation>
