<annotation>
	<folder></folder>
	<filename>IMG_20221121_173009_jpg.rf.8ccee9a02044e7d5c34f58fc6c309611.jpg</filename>
	<path>IMG_20221121_173009_jpg.rf.8ccee9a02044e7d5c34f58fc6c309611.jpg</path>
	<source>
		<database>roboflow.ai</database>
	</source>
	<size>
		<width>300</width>
		<height>300</height>
		<depth>3</depth>
	</size>
	<segmented>0</segmented>
	<object>
		<name>rowling1</name>
		<pose>Unspecified</pose>
		<truncated>0</truncated>
		<difficult>0</difficult>
		<occluded>0</occluded>
		<bndbox>
			<xmin>102</xmin>
			<xmax>146</xmax>
			<ymin>164</ymin>
			<ymax>195</ymax>
		</bndbox>
	</object>
	<object>
		<name>tolstoy</name>
		<pose>Unspecified</pose>
		<truncated>0</truncated>
		<difficult>0</difficult>
		<occluded>0</occluded>
		<bndbox>
			<xmin>114</xmin>
			<xmax>153</xmax>
			<ymin>145</ymin>
			<ymax>172</ymax>
		</bndbox>
	</object>
	<object>
		<name>king</name>
		<pose>Unspecified</pose>
		<truncated>0</truncated>
		<difficult>0</difficult>
		<occluded>0</occluded>
		<bndbox>
			<xmin>142</xmin>
			<xmax>180</xmax>
			<ymin>161</ymin>
			<ymax>187</ymax>
		</bndbox>
	</object>
</annotation>
