<annotation>
	<folder></folder>
	<filename>IMG_20221119_205005_jpg.rf.69939ccb103b513e5dfa7abd579f73e9.jpg</filename>
	<path>IMG_20221119_205005_jpg.rf.69939ccb103b513e5dfa7abd579f73e9.jpg</path>
	<source>
		<database>roboflow.ai</database>
	</source>
	<size>
		<width>300</width>
		<height>300</height>
		<depth>3</depth>
	</size>
	<segmented>0</segmented>
	<object>
		<name>king</name>
		<pose>Unspecified</pose>
		<truncated>0</truncated>
		<difficult>0</difficult>
		<occluded>0</occluded>
		<bndbox>
			<xmin>32</xmin>
			<xmax>124</xmax>
			<ymin>109</ymin>
			<ymax>166</ymax>
		</bndbox>
	</object>
</annotation>
