<annotation>
	<folder></folder>
	<filename>IMG_20221121_172925_jpg.rf.b1b76a437661b6c094369be11765f523.jpg</filename>
	<path>IMG_20221121_172925_jpg.rf.b1b76a437661b6c094369be11765f523.jpg</path>
	<source>
		<database>roboflow.ai</database>
	</source>
	<size>
		<width>300</width>
		<height>300</height>
		<depth>3</depth>
	</size>
	<segmented>0</segmented>
	<object>
		<name>king</name>
		<pose>Unspecified</pose>
		<truncated>0</truncated>
		<difficult>0</difficult>
		<occluded>0</occluded>
		<bndbox>
			<xmin>31</xmin>
			<xmax>103</xmax>
			<ymin>167</ymin>
			<ymax>223</ymax>
		</bndbox>
	</object>
</annotation>
