<annotation>
	<folder></folder>
	<filename>IMG_20221119_211611_jpg.rf.72bf8ed1f94fc9f4e436e58d43dbad7c.jpg</filename>
	<path>IMG_20221119_211611_jpg.rf.72bf8ed1f94fc9f4e436e58d43dbad7c.jpg</path>
	<source>
		<database>roboflow.ai</database>
	</source>
	<size>
		<width>300</width>
		<height>300</height>
		<depth>3</depth>
	</size>
	<segmented>0</segmented>
	<object>
		<name>rosenberg</name>
		<pose>Unspecified</pose>
		<truncated>0</truncated>
		<difficult>0</difficult>
		<occluded>0</occluded>
		<bndbox>
			<xmin>35</xmin>
			<xmax>74</xmax>
			<ymin>168</ymin>
			<ymax>198</ymax>
		</bndbox>
	</object>
	<object>
		<name>rowling2</name>
		<pose>Unspecified</pose>
		<truncated>0</truncated>
		<difficult>0</difficult>
		<occluded>0</occluded>
		<bndbox>
			<xmin>203</xmin>
			<xmax>222</xmax>
			<ymin>143</ymin>
			<ymax>175</ymax>
		</bndbox>
	</object>
</annotation>
