<annotation>
	<folder></folder>
	<filename>IMG_20221119_211925_jpg.rf.027f27de745b1f5c3f175256f5ad941c.jpg</filename>
	<path>IMG_20221119_211925_jpg.rf.027f27de745b1f5c3f175256f5ad941c.jpg</path>
	<source>
		<database>roboflow.ai</database>
	</source>
	<size>
		<width>300</width>
		<height>300</height>
		<depth>3</depth>
	</size>
	<segmented>0</segmented>
	<object>
		<name>rowling2</name>
		<pose>Unspecified</pose>
		<truncated>0</truncated>
		<difficult>0</difficult>
		<occluded>0</occluded>
		<bndbox>
			<xmin>24</xmin>
			<xmax>63</xmax>
			<ymin>182</ymin>
			<ymax>210</ymax>
		</bndbox>
	</object>
</annotation>
