<annotation>
	<folder></folder>
	<filename>IMG_20221119_204044_jpg.rf.c16d83fa3b08b09503887f448e6b7e1d.jpg</filename>
	<path>IMG_20221119_204044_jpg.rf.c16d83fa3b08b09503887f448e6b7e1d.jpg</path>
	<source>
		<database>roboflow.ai</database>
	</source>
	<size>
		<width>300</width>
		<height>300</height>
		<depth>3</depth>
	</size>
	<segmented>0</segmented>
	<object>
		<name>king</name>
		<pose>Unspecified</pose>
		<truncated>0</truncated>
		<difficult>0</difficult>
		<occluded>0</occluded>
		<bndbox>
			<xmin>119</xmin>
			<xmax>229</xmax>
			<ymin>69</ymin>
			<ymax>151</ymax>
		</bndbox>
	</object>
	<object>
		<name>kassil</name>
		<pose>Unspecified</pose>
		<truncated>0</truncated>
		<difficult>0</difficult>
		<occluded>0</occluded>
		<bndbox>
			<xmin>93</xmin>
			<xmax>215</xmax>
			<ymin>92</ymin>
			<ymax>187</ymax>
		</bndbox>
	</object>
</annotation>
