<annotation>
	<folder></folder>
	<filename>IMG_20221119_205443_jpg.rf.f866126e0e2fbd606fea14062c2dfd7a.jpg</filename>
	<path>IMG_20221119_205443_jpg.rf.f866126e0e2fbd606fea14062c2dfd7a.jpg</path>
	<source>
		<database>roboflow.ai</database>
	</source>
	<size>
		<width>300</width>
		<height>300</height>
		<depth>3</depth>
	</size>
	<segmented>0</segmented>
	<object>
		<name>tolstoy</name>
		<pose>Unspecified</pose>
		<truncated>0</truncated>
		<difficult>0</difficult>
		<occluded>0</occluded>
		<bndbox>
			<xmin>26</xmin>
			<xmax>130</xmax>
			<ymin>157</ymin>
			<ymax>205</ymax>
		</bndbox>
	</object>
</annotation>
