<annotation>
	<folder></folder>
	<filename>IMG_20221121_172829_jpg.rf.c4fad0a9e4425fc33fa81b35022b5de8.jpg</filename>
	<path>IMG_20221121_172829_jpg.rf.c4fad0a9e4425fc33fa81b35022b5de8.jpg</path>
	<source>
		<database>roboflow.ai</database>
	</source>
	<size>
		<width>300</width>
		<height>300</height>
		<depth>3</depth>
	</size>
	<segmented>0</segmented>
	<object>
		<name>rowling1</name>
		<pose>Unspecified</pose>
		<truncated>0</truncated>
		<difficult>0</difficult>
		<occluded>0</occluded>
		<bndbox>
			<xmin>126</xmin>
			<xmax>158</xmax>
			<ymin>163</ymin>
			<ymax>185</ymax>
		</bndbox>
	</object>
	<object>
		<name>rowling2</name>
		<pose>Unspecified</pose>
		<truncated>0</truncated>
		<difficult>0</difficult>
		<occluded>0</occluded>
		<bndbox>
			<xmin>129</xmin>
			<xmax>159</xmax>
			<ymin>161</ymin>
			<ymax>182</ymax>
		</bndbox>
	</object>
	<object>
		<name>mitchell</name>
		<pose>Unspecified</pose>
		<truncated>0</truncated>
		<difficult>0</difficult>
		<occluded>0</occluded>
		<bndbox>
			<xmin>150</xmin>
			<xmax>155</xmax>
			<ymin>150</ymin>
			<ymax>171</ymax>
		</bndbox>
	</object>
</annotation>
