<annotation>
	<folder></folder>
	<filename>IMG_20221121_170831_jpg.rf.ca87a15c17ff50af6111f1e6f458c2f9.jpg</filename>
	<path>IMG_20221121_170831_jpg.rf.ca87a15c17ff50af6111f1e6f458c2f9.jpg</path>
	<source>
		<database>roboflow.ai</database>
	</source>
	<size>
		<width>300</width>
		<height>300</height>
		<depth>3</depth>
	</size>
	<segmented>0</segmented>
	<object>
		<name>rowling1</name>
		<pose>Unspecified</pose>
		<truncated>0</truncated>
		<difficult>0</difficult>
		<occluded>0</occluded>
		<bndbox>
			<xmin>196</xmin>
			<xmax>255</xmax>
			<ymin>168</ymin>
			<ymax>201</ymax>
		</bndbox>
	</object>
	<object>
		<name>king</name>
		<pose>Unspecified</pose>
		<truncated>0</truncated>
		<difficult>0</difficult>
		<occluded>0</occluded>
		<bndbox>
			<xmin>187</xmin>
			<xmax>239</xmax>
			<ymin>173</ymin>
			<ymax>201</ymax>
		</bndbox>
	</object>
	<object>
		<name>mitchell</name>
		<pose>Unspecified</pose>
		<truncated>0</truncated>
		<difficult>0</difficult>
		<occluded>0</occluded>
		<bndbox>
			<xmin>180</xmin>
			<xmax>235</xmax>
			<ymin>175</ymin>
			<ymax>209</ymax>
		</bndbox>
	</object>
</annotation>
