<annotation>
	<folder></folder>
	<filename>IMG_20221119_203839_jpg.rf.fcef6590ef0d08d3c9395e1a94f0f57d.jpg</filename>
	<path>IMG_20221119_203839_jpg.rf.fcef6590ef0d08d3c9395e1a94f0f57d.jpg</path>
	<source>
		<database>roboflow.ai</database>
	</source>
	<size>
		<width>300</width>
		<height>300</height>
		<depth>3</depth>
	</size>
	<segmented>0</segmented>
	<object>
		<name>kassil</name>
		<pose>Unspecified</pose>
		<truncated>0</truncated>
		<difficult>0</difficult>
		<occluded>0</occluded>
		<bndbox>
			<xmin>22</xmin>
			<xmax>159</xmax>
			<ymin>133</ymin>
			<ymax>257</ymax>
		</bndbox>
	</object>
</annotation>
