<annotation>
	<folder></folder>
	<filename>IMG_20221121_173312_jpg.rf.4799fa8feda95aa6d84ff2948f2429aa.jpg</filename>
	<path>IMG_20221121_173312_jpg.rf.4799fa8feda95aa6d84ff2948f2429aa.jpg</path>
	<source>
		<database>roboflow.ai</database>
	</source>
	<size>
		<width>300</width>
		<height>300</height>
		<depth>3</depth>
	</size>
	<segmented>0</segmented>
	<object>
		<name>rowling1</name>
		<pose>Unspecified</pose>
		<truncated>0</truncated>
		<difficult>0</difficult>
		<occluded>0</occluded>
		<bndbox>
			<xmin>122</xmin>
			<xmax>136</xmax>
			<ymin>131</ymin>
			<ymax>156</ymax>
		</bndbox>
	</object>
	<object>
		<name>king</name>
		<pose>Unspecified</pose>
		<truncated>0</truncated>
		<difficult>0</difficult>
		<occluded>0</occluded>
		<bndbox>
			<xmin>139</xmin>
			<xmax>149</xmax>
			<ymin>136</ymin>
			<ymax>159</ymax>
		</bndbox>
	</object>
	<object>
		<name>tolstoy</name>
		<pose>Unspecified</pose>
		<truncated>0</truncated>
		<difficult>0</difficult>
		<occluded>0</occluded>
		<bndbox>
			<xmin>157</xmin>
			<xmax>169</xmax>
			<ymin>135</ymin>
			<ymax>164</ymax>
		</bndbox>
	</object>
</annotation>
