<annotation>
	<folder></folder>
	<filename>IMG_20221119_211227_jpg.rf.9c68698522af299cc934ab7e21b6ce15.jpg</filename>
	<path>IMG_20221119_211227_jpg.rf.9c68698522af299cc934ab7e21b6ce15.jpg</path>
	<source>
		<database>roboflow.ai</database>
	</source>
	<size>
		<width>300</width>
		<height>300</height>
		<depth>3</depth>
	</size>
	<segmented>0</segmented>
	<object>
		<name>kassil</name>
		<pose>Unspecified</pose>
		<truncated>0</truncated>
		<difficult>0</difficult>
		<occluded>0</occluded>
		<bndbox>
			<xmin>90</xmin>
			<xmax>191</xmax>
			<ymin>66</ymin>
			<ymax>197</ymax>
		</bndbox>
	</object>
</annotation>
