<annotation>
	<folder></folder>
	<filename>IMG_20221119_211019_jpg.rf.ee2ac64715c8a7eca6c58d9574b948af.jpg</filename>
	<path>IMG_20221119_211019_jpg.rf.ee2ac64715c8a7eca6c58d9574b948af.jpg</path>
	<source>
		<database>roboflow.ai</database>
	</source>
	<size>
		<width>300</width>
		<height>300</height>
		<depth>3</depth>
	</size>
	<segmented>0</segmented>
	<object>
		<name>karnegi</name>
		<pose>Unspecified</pose>
		<truncated>0</truncated>
		<difficult>0</difficult>
		<occluded>0</occluded>
		<bndbox>
			<xmin>230</xmin>
			<xmax>281</xmax>
			<ymin>140</ymin>
			<ymax>177</ymax>
		</bndbox>
	</object>
</annotation>
