<annotation>
	<folder></folder>
	<filename>IMG_20221119_205715_jpg.rf.d3c772f3fffa42bbdcc80aed6e5af288.jpg</filename>
	<path>IMG_20221119_205715_jpg.rf.d3c772f3fffa42bbdcc80aed6e5af288.jpg</path>
	<source>
		<database>roboflow.ai</database>
	</source>
	<size>
		<width>300</width>
		<height>300</height>
		<depth>3</depth>
	</size>
	<segmented>0</segmented>
	<object>
		<name>mitchell</name>
		<pose>Unspecified</pose>
		<truncated>0</truncated>
		<difficult>0</difficult>
		<occluded>0</occluded>
		<bndbox>
			<xmin>169</xmin>
			<xmax>286</xmax>
			<ymin>188</ymin>
			<ymax>238</ymax>
		</bndbox>
	</object>
</annotation>
