<annotation>
	<folder></folder>
	<filename>IMG_20221119_205021_jpg.rf.d65de98b5138cd4278698ed3d85b7b83.jpg</filename>
	<path>IMG_20221119_205021_jpg.rf.d65de98b5138cd4278698ed3d85b7b83.jpg</path>
	<source>
		<database>roboflow.ai</database>
	</source>
	<size>
		<width>300</width>
		<height>300</height>
		<depth>3</depth>
	</size>
	<segmented>0</segmented>
	<object>
		<name>king</name>
		<pose>Unspecified</pose>
		<truncated>0</truncated>
		<difficult>0</difficult>
		<occluded>0</occluded>
		<bndbox>
			<xmin>18</xmin>
			<xmax>192</xmax>
			<ymin>156</ymin>
			<ymax>196</ymax>
		</bndbox>
	</object>
</annotation>
