<annotation>
	<folder></folder>
	<filename>IMG_20221119_210957_jpg.rf.95cde27ff7e122cf58a134ad030ada85.jpg</filename>
	<path>IMG_20221119_210957_jpg.rf.95cde27ff7e122cf58a134ad030ada85.jpg</path>
	<source>
		<database>roboflow.ai</database>
	</source>
	<size>
		<width>300</width>
		<height>300</height>
		<depth>3</depth>
	</size>
	<segmented>0</segmented>
	<object>
		<name>karnegi</name>
		<pose>Unspecified</pose>
		<truncated>0</truncated>
		<difficult>0</difficult>
		<occluded>0</occluded>
		<bndbox>
			<xmin>56</xmin>
			<xmax>87</xmax>
			<ymin>171</ymin>
			<ymax>215</ymax>
		</bndbox>
	</object>
</annotation>
