<annotation>
	<folder></folder>
	<filename>IMG_20221121_173334_jpg.rf.787245cfaeda25a62f6cd79d115d9f18.jpg</filename>
	<path>IMG_20221121_173334_jpg.rf.787245cfaeda25a62f6cd79d115d9f18.jpg</path>
	<source>
		<database>roboflow.ai</database>
	</source>
	<size>
		<width>300</width>
		<height>300</height>
		<depth>3</depth>
	</size>
	<segmented>0</segmented>
	<object>
		<name>rowling1</name>
		<pose>Unspecified</pose>
		<truncated>0</truncated>
		<difficult>0</difficult>
		<occluded>0</occluded>
		<bndbox>
			<xmin>110</xmin>
			<xmax>151</xmax>
			<ymin>129</ymin>
			<ymax>146</ymax>
		</bndbox>
	</object>
	<object>
		<name>tolstoy</name>
		<pose>Unspecified</pose>
		<truncated>0</truncated>
		<difficult>0</difficult>
		<occluded>0</occluded>
		<bndbox>
			<xmin>112</xmin>
			<xmax>156</xmax>
			<ymin>136</ymin>
			<ymax>157</ymax>
		</bndbox>
	</object>
	<object>
		<name>king</name>
		<pose>Unspecified</pose>
		<truncated>0</truncated>
		<difficult>0</difficult>
		<occluded>0</occluded>
		<bndbox>
			<xmin>113</xmin>
			<xmax>152</xmax>
			<ymin>147</ymin>
			<ymax>168</ymax>
		</bndbox>
	</object>
</annotation>
