<annotation>
	<folder></folder>
	<filename>IMG_20221119_205852_jpg.rf.3f433b5c4a291754c4425bced15e8351.jpg</filename>
	<path>IMG_20221119_205852_jpg.rf.3f433b5c4a291754c4425bced15e8351.jpg</path>
	<source>
		<database>roboflow.ai</database>
	</source>
	<size>
		<width>300</width>
		<height>300</height>
		<depth>3</depth>
	</size>
	<segmented>0</segmented>
	<object>
		<name>mitchell</name>
		<pose>Unspecified</pose>
		<truncated>0</truncated>
		<difficult>0</difficult>
		<occluded>0</occluded>
		<bndbox>
			<xmin>40</xmin>
			<xmax>76</xmax>
			<ymin>218</ymin>
			<ymax>251</ymax>
		</bndbox>
	</object>
</annotation>
