<annotation>
	<folder></folder>
	<filename>IMG_20221121_172816_jpg.rf.eab518133136a1319d74009462e7b868.jpg</filename>
	<path>IMG_20221121_172816_jpg.rf.eab518133136a1319d74009462e7b868.jpg</path>
	<source>
		<database>roboflow.ai</database>
	</source>
	<size>
		<width>300</width>
		<height>300</height>
		<depth>3</depth>
	</size>
	<segmented>0</segmented>
	<object>
		<name>mitchell</name>
		<pose>Unspecified</pose>
		<truncated>0</truncated>
		<difficult>0</difficult>
		<occluded>0</occluded>
		<bndbox>
			<xmin>79</xmin>
			<xmax>179</xmax>
			<ymin>77</ymin>
			<ymax>155</ymax>
		</bndbox>
	</object>
	<object>
		<name>rowling2</name>
		<pose>Unspecified</pose>
		<truncated>0</truncated>
		<difficult>0</difficult>
		<occluded>0</occluded>
		<bndbox>
			<xmin>134</xmin>
			<xmax>201</xmax>
			<ymin>106</ymin>
			<ymax>206</ymax>
		</bndbox>
	</object>
	<object>
		<name>rowling1</name>
		<pose>Unspecified</pose>
		<truncated>0</truncated>
		<difficult>0</difficult>
		<occluded>0</occluded>
		<bndbox>
			<xmin>148</xmin>
			<xmax>218</xmax>
			<ymin>116</ymin>
			<ymax>214</ymax>
		</bndbox>
	</object>
</annotation>
