<annotation>
	<folder></folder>
	<filename>IMG_20221119_211458_jpg.rf.dc309d81b547bf236a37a13c0342dd3f.jpg</filename>
	<path>IMG_20221119_211458_jpg.rf.dc309d81b547bf236a37a13c0342dd3f.jpg</path>
	<source>
		<database>roboflow.ai</database>
	</source>
	<size>
		<width>300</width>
		<height>300</height>
		<depth>3</depth>
	</size>
	<segmented>0</segmented>
	<object>
		<name>rosenberg</name>
		<pose>Unspecified</pose>
		<truncated>0</truncated>
		<difficult>0</difficult>
		<occluded>0</occluded>
		<bndbox>
			<xmin>57</xmin>
			<xmax>138</xmax>
			<ymin>131</ymin>
			<ymax>184</ymax>
		</bndbox>
	</object>
</annotation>
