<annotation>
	<folder></folder>
	<filename>IMG_20221119_210745_jpg.rf.586bfa57a66cfa1a499850683abafcbc.jpg</filename>
	<path>IMG_20221119_210745_jpg.rf.586bfa57a66cfa1a499850683abafcbc.jpg</path>
	<source>
		<database>roboflow.ai</database>
	</source>
	<size>
		<width>300</width>
		<height>300</height>
		<depth>3</depth>
	</size>
	<segmented>0</segmented>
	<object>
		<name>rowling1</name>
		<pose>Unspecified</pose>
		<truncated>0</truncated>
		<difficult>0</difficult>
		<occluded>0</occluded>
		<bndbox>
			<xmin>135</xmin>
			<xmax>249</xmax>
			<ymin>129</ymin>
			<ymax>208</ymax>
		</bndbox>
	</object>
</annotation>
