<annotation>
	<folder></folder>
	<filename>IMG_20221121_172509_jpg.rf.3009506b3bf0f1d5c8d286cb3fd4a6a2.jpg</filename>
	<path>IMG_20221121_172509_jpg.rf.3009506b3bf0f1d5c8d286cb3fd4a6a2.jpg</path>
	<source>
		<database>roboflow.ai</database>
	</source>
	<size>
		<width>300</width>
		<height>300</height>
		<depth>3</depth>
	</size>
	<segmented>0</segmented>
	<object>
		<name>rowling1</name>
		<pose>Unspecified</pose>
		<truncated>0</truncated>
		<difficult>0</difficult>
		<occluded>0</occluded>
		<bndbox>
			<xmin>48</xmin>
			<xmax>122</xmax>
			<ymin>135</ymin>
			<ymax>197</ymax>
		</bndbox>
	</object>
	<object>
		<name>rowling2</name>
		<pose>Unspecified</pose>
		<truncated>0</truncated>
		<difficult>0</difficult>
		<occluded>0</occluded>
		<bndbox>
			<xmin>104</xmin>
			<xmax>148</xmax>
			<ymin>143</ymin>
			<ymax>224</ymax>
		</bndbox>
	</object>
	<object>
		<name>mitchell</name>
		<pose>Unspecified</pose>
		<truncated>0</truncated>
		<difficult>0</difficult>
		<occluded>0</occluded>
		<bndbox>
			<xmin>142</xmin>
			<xmax>196</xmax>
			<ymin>133</ymin>
			<ymax>190</ymax>
		</bndbox>
	</object>
</annotation>
