<annotation>
	<folder></folder>
	<filename>IMG_20221119_205240_jpg.rf.1bd159da1efc81ef5004fb405d1f7555.jpg</filename>
	<path>IMG_20221119_205240_jpg.rf.1bd159da1efc81ef5004fb405d1f7555.jpg</path>
	<source>
		<database>roboflow.ai</database>
	</source>
	<size>
		<width>300</width>
		<height>300</height>
		<depth>3</depth>
	</size>
	<segmented>0</segmented>
	<object>
		<name>tolstoy</name>
		<pose>Unspecified</pose>
		<truncated>0</truncated>
		<difficult>0</difficult>
		<occluded>0</occluded>
		<bndbox>
			<xmin>231</xmin>
			<xmax>272</xmax>
			<ymin>117</ymin>
			<ymax>179</ymax>
		</bndbox>
	</object>
</annotation>
