<annotation>
	<folder></folder>
	<filename>IMG_20221119_211513_jpg.rf.a6cdeeb658a6cf08fc89826fe318ae18.jpg</filename>
	<path>IMG_20221119_211513_jpg.rf.a6cdeeb658a6cf08fc89826fe318ae18.jpg</path>
	<source>
		<database>roboflow.ai</database>
	</source>
	<size>
		<width>300</width>
		<height>300</height>
		<depth>3</depth>
	</size>
	<segmented>0</segmented>
	<object>
		<name>rosenberg</name>
		<pose>Unspecified</pose>
		<truncated>0</truncated>
		<difficult>0</difficult>
		<occluded>0</occluded>
		<bndbox>
			<xmin>27</xmin>
			<xmax>169</xmax>
			<ymin>96</ymin>
			<ymax>188</ymax>
		</bndbox>
	</object>
</annotation>
