<annotation>
	<folder></folder>
	<filename>IMG_20221119_210001_jpg.rf.2ff8852c1348fcf89e9531bc555d78ad.jpg</filename>
	<path>IMG_20221119_210001_jpg.rf.2ff8852c1348fcf89e9531bc555d78ad.jpg</path>
	<source>
		<database>roboflow.ai</database>
	</source>
	<size>
		<width>300</width>
		<height>300</height>
		<depth>3</depth>
	</size>
	<segmented>0</segmented>
	<object>
		<name>mitchell</name>
		<pose>Unspecified</pose>
		<truncated>0</truncated>
		<difficult>0</difficult>
		<occluded>0</occluded>
		<bndbox>
			<xmin>65</xmin>
			<xmax>112</xmax>
			<ymin>131</ymin>
			<ymax>169</ymax>
		</bndbox>
	</object>
</annotation>
