<annotation>
	<folder></folder>
	<filename>IMG_20221121_171010_jpg.rf.36fd7b5b00064f4f9469fdc875e834ca.jpg</filename>
	<path>IMG_20221121_171010_jpg.rf.36fd7b5b00064f4f9469fdc875e834ca.jpg</path>
	<source>
		<database>roboflow.ai</database>
	</source>
	<size>
		<width>300</width>
		<height>300</height>
		<depth>3</depth>
	</size>
	<segmented>0</segmented>
	<object>
		<name>rowling1</name>
		<pose>Unspecified</pose>
		<truncated>0</truncated>
		<difficult>0</difficult>
		<occluded>0</occluded>
		<bndbox>
			<xmin>178</xmin>
			<xmax>202</xmax>
			<ymin>145</ymin>
			<ymax>151</ymax>
		</bndbox>
	</object>
	<object>
		<name>king</name>
		<pose>Unspecified</pose>
		<truncated>0</truncated>
		<difficult>0</difficult>
		<occluded>0</occluded>
		<bndbox>
			<xmin>176</xmin>
			<xmax>198</xmax>
			<ymin>150</ymin>
			<ymax>155</ymax>
		</bndbox>
	</object>
	<object>
		<name>mitchell</name>
		<pose>Unspecified</pose>
		<truncated>0</truncated>
		<difficult>0</difficult>
		<occluded>0</occluded>
		<bndbox>
			<xmin>173</xmin>
			<xmax>200</xmax>
			<ymin>151</ymin>
			<ymax>160</ymax>
		</bndbox>
	</object>
</annotation>
