<annotation>
	<folder></folder>
	<filename>IMG_20221119_204912_jpg.rf.a4e8d85bc1e39038a262e22ba9db8f78.jpg</filename>
	<path>IMG_20221119_204912_jpg.rf.a4e8d85bc1e39038a262e22ba9db8f78.jpg</path>
	<source>
		<database>roboflow.ai</database>
	</source>
	<size>
		<width>300</width>
		<height>300</height>
		<depth>3</depth>
	</size>
	<segmented>0</segmented>
	<object>
		<name>king</name>
		<pose>Unspecified</pose>
		<truncated>0</truncated>
		<difficult>0</difficult>
		<occluded>0</occluded>
		<bndbox>
			<xmin>50</xmin>
			<xmax>192</xmax>
			<ymin>128</ymin>
			<ymax>241</ymax>
		</bndbox>
	</object>
</annotation>
