<annotation>
	<folder></folder>
	<filename>IMG_20221119_210541_jpg.rf.5d043a9bf92c701c403877c045dbf0bc.jpg</filename>
	<path>IMG_20221119_210541_jpg.rf.5d043a9bf92c701c403877c045dbf0bc.jpg</path>
	<source>
		<database>roboflow.ai</database>
	</source>
	<size>
		<width>300</width>
		<height>300</height>
		<depth>3</depth>
	</size>
	<segmented>0</segmented>
	<object>
		<name>rowling1</name>
		<pose>Unspecified</pose>
		<truncated>0</truncated>
		<difficult>0</difficult>
		<occluded>0</occluded>
		<bndbox>
			<xmin>93</xmin>
			<xmax>131</xmax>
			<ymin>143</ymin>
			<ymax>173</ymax>
		</bndbox>
	</object>
</annotation>
