<annotation>
	<folder></folder>
	<filename>IMG_20221119_211636_jpg.rf.4362048e6c65d502be5e08e8adca56f9.jpg</filename>
	<path>IMG_20221119_211636_jpg.rf.4362048e6c65d502be5e08e8adca56f9.jpg</path>
	<source>
		<database>roboflow.ai</database>
	</source>
	<size>
		<width>300</width>
		<height>300</height>
		<depth>3</depth>
	</size>
	<segmented>0</segmented>
	<object>
		<name>rosenberg</name>
		<pose>Unspecified</pose>
		<truncated>0</truncated>
		<difficult>0</difficult>
		<occluded>0</occluded>
		<bndbox>
			<xmin>34</xmin>
			<xmax>71</xmax>
			<ymin>150</ymin>
			<ymax>194</ymax>
		</bndbox>
	</object>
</annotation>
