<annotation>
	<folder></folder>
	<filename>IMG_20221119_211535_jpg.rf.b8321cd4d8dfe5411f3050534bd21364.jpg</filename>
	<path>IMG_20221119_211535_jpg.rf.b8321cd4d8dfe5411f3050534bd21364.jpg</path>
	<source>
		<database>roboflow.ai</database>
	</source>
	<size>
		<width>300</width>
		<height>300</height>
		<depth>3</depth>
	</size>
	<segmented>0</segmented>
	<object>
		<name>rosenberg</name>
		<pose>Unspecified</pose>
		<truncated>0</truncated>
		<difficult>0</difficult>
		<occluded>0</occluded>
		<bndbox>
			<xmin>127</xmin>
			<xmax>161</xmax>
			<ymin>40</ymin>
			<ymax>245</ymax>
		</bndbox>
	</object>
</annotation>
