<annotation>
	<folder></folder>
	<filename>IMG_20221119_203647_jpg.rf.6ff152814221921af62a204cef0eb301.jpg</filename>
	<path>IMG_20221119_203647_jpg.rf.6ff152814221921af62a204cef0eb301.jpg</path>
	<source>
		<database>roboflow.ai</database>
	</source>
	<size>
		<width>300</width>
		<height>300</height>
		<depth>3</depth>
	</size>
	<segmented>0</segmented>
	<object>
		<name>kassil</name>
		<pose>Unspecified</pose>
		<truncated>0</truncated>
		<difficult>0</difficult>
		<occluded>0</occluded>
		<bndbox>
			<xmin>109</xmin>
			<xmax>175</xmax>
			<ymin>93</ymin>
			<ymax>185</ymax>
		</bndbox>
	</object>
</annotation>
