<annotation>
	<folder></folder>
	<filename>IMG_20221121_170723_jpg.rf.f5e2aaed442ee12819f27fba7ae0c68f.jpg</filename>
	<path>IMG_20221121_170723_jpg.rf.f5e2aaed442ee12819f27fba7ae0c68f.jpg</path>
	<source>
		<database>roboflow.ai</database>
	</source>
	<size>
		<width>300</width>
		<height>300</height>
		<depth>3</depth>
	</size>
	<segmented>0</segmented>
	<object>
		<name>king</name>
		<pose>Unspecified</pose>
		<truncated>0</truncated>
		<difficult>0</difficult>
		<occluded>0</occluded>
		<bndbox>
			<xmin>44</xmin>
			<xmax>105</xmax>
			<ymin>148</ymin>
			<ymax>185</ymax>
		</bndbox>
	</object>
	<object>
		<name>rowling1</name>
		<pose>Unspecified</pose>
		<truncated>0</truncated>
		<difficult>0</difficult>
		<occluded>0</occluded>
		<bndbox>
			<xmin>100</xmin>
			<xmax>157</xmax>
			<ymin>130</ymin>
			<ymax>171</ymax>
		</bndbox>
	</object>
	<object>
		<name>mitchell</name>
		<pose>Unspecified</pose>
		<truncated>0</truncated>
		<difficult>0</difficult>
		<occluded>0</occluded>
		<bndbox>
			<xmin>164</xmin>
			<xmax>237</xmax>
			<ymin>140</ymin>
			<ymax>183</ymax>
		</bndbox>
	</object>
</annotation>
