<annotation>
	<folder></folder>
	<filename>IMG_20221119_205718_jpg.rf.a1fc35af73b1717dddcd4aa62353f5af.jpg</filename>
	<path>IMG_20221119_205718_jpg.rf.a1fc35af73b1717dddcd4aa62353f5af.jpg</path>
	<source>
		<database>roboflow.ai</database>
	</source>
	<size>
		<width>300</width>
		<height>300</height>
		<depth>3</depth>
	</size>
	<segmented>0</segmented>
	<object>
		<name>mitchell</name>
		<pose>Unspecified</pose>
		<truncated>0</truncated>
		<difficult>0</difficult>
		<occluded>0</occluded>
		<bndbox>
			<xmin>140</xmin>
			<xmax>279</xmax>
			<ymin>67</ymin>
			<ymax>135</ymax>
		</bndbox>
	</object>
</annotation>
