<annotation>
	<folder></folder>
	<filename>IMG_20221119_205908_jpg.rf.9d609a86adafbd05551bc9b10902e68f.jpg</filename>
	<path>IMG_20221119_205908_jpg.rf.9d609a86adafbd05551bc9b10902e68f.jpg</path>
	<source>
		<database>roboflow.ai</database>
	</source>
	<size>
		<width>300</width>
		<height>300</height>
		<depth>3</depth>
	</size>
	<segmented>0</segmented>
	<object>
		<name>mitchell</name>
		<pose>Unspecified</pose>
		<truncated>0</truncated>
		<difficult>0</difficult>
		<occluded>0</occluded>
		<bndbox>
			<xmin>46</xmin>
			<xmax>82</xmax>
			<ymin>121</ymin>
			<ymax>153</ymax>
		</bndbox>
	</object>
	<object>
		<name>tolstoy</name>
		<pose>Unspecified</pose>
		<truncated>0</truncated>
		<difficult>0</difficult>
		<occluded>0</occluded>
		<bndbox>
			<xmin>203</xmin>
			<xmax>223</xmax>
			<ymin>207</ymin>
			<ymax>230</ymax>
		</bndbox>
	</object>
	<object>
		<name>karnegi</name>
		<pose>Unspecified</pose>
		<truncated>0</truncated>
		<difficult>0</difficult>
		<occluded>0</occluded>
		<bndbox>
			<xmin>180</xmin>
			<xmax>202</xmax>
			<ymin>222</ymin>
			<ymax>246</ymax>
		</bndbox>
	</object>
	<object>
		<name>rosenberg</name>
		<pose>Unspecified</pose>
		<truncated>0</truncated>
		<difficult>0</difficult>
		<occluded>0</occluded>
		<bndbox>
			<xmin>176</xmin>
			<xmax>201</xmax>
			<ymin>244</ymin>
			<ymax>263</ymax>
		</bndbox>
	</object>
</annotation>
