<annotation>
	<folder></folder>
	<filename>IMG_20221119_211917_jpg.rf.baca4ad3f7e816cfe099d1f3e000174a.jpg</filename>
	<path>IMG_20221119_211917_jpg.rf.baca4ad3f7e816cfe099d1f3e000174a.jpg</path>
	<source>
		<database>roboflow.ai</database>
	</source>
	<size>
		<width>300</width>
		<height>300</height>
		<depth>3</depth>
	</size>
	<segmented>0</segmented>
	<object>
		<name>rowling2</name>
		<pose>Unspecified</pose>
		<truncated>0</truncated>
		<difficult>0</difficult>
		<occluded>0</occluded>
		<bndbox>
			<xmin>29</xmin>
			<xmax>79</xmax>
			<ymin>175</ymin>
			<ymax>220</ymax>
		</bndbox>
	</object>
</annotation>
