<annotation>
	<folder></folder>
	<filename>IMG_20221119_205913_jpg.rf.4cc43c9563e87806ee6eb34dd3b4361a.jpg</filename>
	<path>IMG_20221119_205913_jpg.rf.4cc43c9563e87806ee6eb34dd3b4361a.jpg</path>
	<source>
		<database>roboflow.ai</database>
	</source>
	<size>
		<width>300</width>
		<height>300</height>
		<depth>3</depth>
	</size>
	<segmented>0</segmented>
	<object>
		<name>mitchell</name>
		<pose>Unspecified</pose>
		<truncated>0</truncated>
		<difficult>0</difficult>
		<occluded>0</occluded>
		<bndbox>
			<xmin>90</xmin>
			<xmax>124</xmax>
			<ymin>110</ymin>
			<ymax>144</ymax>
		</bndbox>
	</object>
	<object>
		<name>tolstoy</name>
		<pose>Unspecified</pose>
		<truncated>0</truncated>
		<difficult>0</difficult>
		<occluded>0</occluded>
		<bndbox>
			<xmin>263</xmin>
			<xmax>285</xmax>
			<ymin>173</ymin>
			<ymax>196</ymax>
		</bndbox>
	</object>
	<object>
		<name>karnegi</name>
		<pose>Unspecified</pose>
		<truncated>0</truncated>
		<difficult>0</difficult>
		<occluded>0</occluded>
		<bndbox>
			<xmin>241</xmin>
			<xmax>265</xmax>
			<ymin>191</ymin>
			<ymax>215</ymax>
		</bndbox>
	</object>
	<object>
		<name>rosenberg</name>
		<pose>Unspecified</pose>
		<truncated>0</truncated>
		<difficult>0</difficult>
		<occluded>0</occluded>
		<bndbox>
			<xmin>239</xmin>
			<xmax>267</xmax>
			<ymin>213</ymin>
			<ymax>236</ymax>
		</bndbox>
	</object>
</annotation>
