<annotation>
	<folder></folder>
	<filename>IMG_20221119_203613_jpg.rf.ab6e8c1ef508af57a27e7b88a4b12b5b.jpg</filename>
	<path>IMG_20221119_203613_jpg.rf.ab6e8c1ef508af57a27e7b88a4b12b5b.jpg</path>
	<source>
		<database>roboflow.ai</database>
	</source>
	<size>
		<width>300</width>
		<height>300</height>
		<depth>3</depth>
	</size>
	<segmented>0</segmented>
	<object>
		<name>king</name>
		<pose>Unspecified</pose>
		<truncated>0</truncated>
		<difficult>0</difficult>
		<occluded>0</occluded>
		<bndbox>
			<xmin>171</xmin>
			<xmax>272</xmax>
			<ymin>73</ymin>
			<ymax>154</ymax>
		</bndbox>
	</object>
</annotation>
