<annotation>
	<folder></folder>
	<filename>IMG_20221119_211140_jpg.rf.90425f170bfed9d5e91e756845a40dbc.jpg</filename>
	<path>IMG_20221119_211140_jpg.rf.90425f170bfed9d5e91e756845a40dbc.jpg</path>
	<source>
		<database>roboflow.ai</database>
	</source>
	<size>
		<width>300</width>
		<height>300</height>
		<depth>3</depth>
	</size>
	<segmented>0</segmented>
	<object>
		<name>karnegi</name>
		<pose>Unspecified</pose>
		<truncated>0</truncated>
		<difficult>0</difficult>
		<occluded>0</occluded>
		<bndbox>
			<xmin>168</xmin>
			<xmax>211</xmax>
			<ymin>204</ymin>
			<ymax>235</ymax>
		</bndbox>
	</object>
</annotation>
