<annotation>
	<folder></folder>
	<filename>IMG_20221119_205133_jpg.rf.7663e00ae2d42734b3b73c29ee99be7b.jpg</filename>
	<path>IMG_20221119_205133_jpg.rf.7663e00ae2d42734b3b73c29ee99be7b.jpg</path>
	<source>
		<database>roboflow.ai</database>
	</source>
	<size>
		<width>300</width>
		<height>300</height>
		<depth>3</depth>
	</size>
	<segmented>0</segmented>
	<object>
		<name>tolstoy</name>
		<pose>Unspecified</pose>
		<truncated>0</truncated>
		<difficult>0</difficult>
		<occluded>0</occluded>
		<bndbox>
			<xmin>62</xmin>
			<xmax>266</xmax>
			<ymin>93</ymin>
			<ymax>225</ymax>
		</bndbox>
	</object>
</annotation>
