<annotation>
	<folder></folder>
	<filename>IMG_20221119_210418_jpg.rf.1ee8292cd32debee824e5715598bb45c.jpg</filename>
	<path>IMG_20221119_210418_jpg.rf.1ee8292cd32debee824e5715598bb45c.jpg</path>
	<source>
		<database>roboflow.ai</database>
	</source>
	<size>
		<width>300</width>
		<height>300</height>
		<depth>3</depth>
	</size>
	<segmented>0</segmented>
	<object>
		<name>rowling1</name>
		<pose>Unspecified</pose>
		<truncated>0</truncated>
		<difficult>0</difficult>
		<occluded>0</occluded>
		<bndbox>
			<xmin>55</xmin>
			<xmax>278</xmax>
			<ymin>85</ymin>
			<ymax>236</ymax>
		</bndbox>
	</object>
</annotation>
