<annotation>
	<folder></folder>
	<filename>IMG_20221119_210430_jpg.rf.b1cb1cce381bc1e909b623fd9a0bd46f.jpg</filename>
	<path>IMG_20221119_210430_jpg.rf.b1cb1cce381bc1e909b623fd9a0bd46f.jpg</path>
	<source>
		<database>roboflow.ai</database>
	</source>
	<size>
		<width>300</width>
		<height>300</height>
		<depth>3</depth>
	</size>
	<segmented>0</segmented>
	<object>
		<name>rowling1</name>
		<pose>Unspecified</pose>
		<truncated>0</truncated>
		<difficult>0</difficult>
		<occluded>0</occluded>
		<bndbox>
			<xmin>91</xmin>
			<xmax>270</xmax>
			<ymin>48</ymin>
			<ymax>247</ymax>
		</bndbox>
	</object>
</annotation>
