<annotation>
	<folder></folder>
	<filename>IMG_20221119_204817_jpg.rf.30c46e8412d2210d15245632eba75876.jpg</filename>
	<path>IMG_20221119_204817_jpg.rf.30c46e8412d2210d15245632eba75876.jpg</path>
	<source>
		<database>roboflow.ai</database>
	</source>
	<size>
		<width>300</width>
		<height>300</height>
		<depth>3</depth>
	</size>
	<segmented>0</segmented>
	<object>
		<name>king</name>
		<pose>Unspecified</pose>
		<truncated>0</truncated>
		<difficult>0</difficult>
		<occluded>0</occluded>
		<bndbox>
			<xmin>156</xmin>
			<xmax>269</xmax>
			<ymin>46</ymin>
			<ymax>136</ymax>
		</bndbox>
	</object>
</annotation>
