<annotation>
	<folder></folder>
	<filename>IMG_20221119_211025_jpg.rf.7709cdbaa188d8fb3b9990b18be5bed5.jpg</filename>
	<path>IMG_20221119_211025_jpg.rf.7709cdbaa188d8fb3b9990b18be5bed5.jpg</path>
	<source>
		<database>roboflow.ai</database>
	</source>
	<size>
		<width>300</width>
		<height>300</height>
		<depth>3</depth>
	</size>
	<segmented>0</segmented>
	<object>
		<name>karnegi</name>
		<pose>Unspecified</pose>
		<truncated>0</truncated>
		<difficult>0</difficult>
		<occluded>0</occluded>
		<bndbox>
			<xmin>194</xmin>
			<xmax>232</xmax>
			<ymin>105</ymin>
			<ymax>149</ymax>
		</bndbox>
	</object>
</annotation>
