<annotation>
	<folder></folder>
	<filename>IMG_20221119_205039_jpg.rf.a671e4ff526f5c5dad4d286fcdefab1d.jpg</filename>
	<path>IMG_20221119_205039_jpg.rf.a671e4ff526f5c5dad4d286fcdefab1d.jpg</path>
	<source>
		<database>roboflow.ai</database>
	</source>
	<size>
		<width>300</width>
		<height>300</height>
		<depth>3</depth>
	</size>
	<segmented>0</segmented>
	<object>
		<name>king</name>
		<pose>Unspecified</pose>
		<truncated>0</truncated>
		<difficult>0</difficult>
		<occluded>0</occluded>
		<bndbox>
			<xmin>68</xmin>
			<xmax>156</xmax>
			<ymin>124</ymin>
			<ymax>153</ymax>
		</bndbox>
	</object>
</annotation>
