<annotation>
	<folder></folder>
	<filename>IMG_20221121_172258_jpg.rf.10b345bb4079f586ad19ae67667e928e.jpg</filename>
	<path>IMG_20221121_172258_jpg.rf.10b345bb4079f586ad19ae67667e928e.jpg</path>
	<source>
		<database>roboflow.ai</database>
	</source>
	<size>
		<width>300</width>
		<height>300</height>
		<depth>3</depth>
	</size>
	<segmented>0</segmented>
	<object>
		<name>rowling2</name>
		<pose>Unspecified</pose>
		<truncated>0</truncated>
		<difficult>0</difficult>
		<occluded>0</occluded>
		<bndbox>
			<xmin>192</xmin>
			<xmax>216</xmax>
			<ymin>163</ymin>
			<ymax>175</ymax>
		</bndbox>
	</object>
	<object>
		<name>rowling1</name>
		<pose>Unspecified</pose>
		<truncated>0</truncated>
		<difficult>0</difficult>
		<occluded>0</occluded>
		<bndbox>
			<xmin>38</xmin>
			<xmax>75</xmax>
			<ymin>190</ymin>
			<ymax>211</ymax>
		</bndbox>
	</object>
	<object>
		<name>mitchell</name>
		<pose>Unspecified</pose>
		<truncated>0</truncated>
		<difficult>0</difficult>
		<occluded>0</occluded>
		<bndbox>
			<xmin>51</xmin>
			<xmax>78</xmax>
			<ymin>148</ymin>
			<ymax>158</ymax>
		</bndbox>
	</object>
</annotation>
