<annotation>
	<folder></folder>
	<filename>IMG_20221119_205659_jpg.rf.34d5c3463dfbf65e31d69b38f2703436.jpg</filename>
	<path>IMG_20221119_205659_jpg.rf.34d5c3463dfbf65e31d69b38f2703436.jpg</path>
	<source>
		<database>roboflow.ai</database>
	</source>
	<size>
		<width>300</width>
		<height>300</height>
		<depth>3</depth>
	</size>
	<segmented>0</segmented>
	<object>
		<name>mitchell</name>
		<pose>Unspecified</pose>
		<truncated>0</truncated>
		<difficult>0</difficult>
		<occluded>0</occluded>
		<bndbox>
			<xmin>22</xmin>
			<xmax>102</xmax>
			<ymin>115</ymin>
			<ymax>247</ymax>
		</bndbox>
	</object>
</annotation>
