<annotation>
	<folder></folder>
	<filename>IMG_20221121_170848_jpg.rf.6ddd87490d8937c274966d3da96e7025.jpg</filename>
	<path>IMG_20221121_170848_jpg.rf.6ddd87490d8937c274966d3da96e7025.jpg</path>
	<source>
		<database>roboflow.ai</database>
	</source>
	<size>
		<width>300</width>
		<height>300</height>
		<depth>3</depth>
	</size>
	<segmented>0</segmented>
	<object>
		<name>rowling1</name>
		<pose>Unspecified</pose>
		<truncated>0</truncated>
		<difficult>0</difficult>
		<occluded>0</occluded>
		<bndbox>
			<xmin>95</xmin>
			<xmax>143</xmax>
			<ymin>146</ymin>
			<ymax>167</ymax>
		</bndbox>
	</object>
	<object>
		<name>king</name>
		<pose>Unspecified</pose>
		<truncated>0</truncated>
		<difficult>0</difficult>
		<occluded>0</occluded>
		<bndbox>
			<xmin>93</xmin>
			<xmax>136</xmax>
			<ymin>155</ymin>
			<ymax>173</ymax>
		</bndbox>
	</object>
	<object>
		<name>mitchell</name>
		<pose>Unspecified</pose>
		<truncated>0</truncated>
		<difficult>0</difficult>
		<occluded>0</occluded>
		<bndbox>
			<xmin>85</xmin>
			<xmax>137</xmax>
			<ymin>158</ymin>
			<ymax>185</ymax>
		</bndbox>
	</object>
</annotation>
