<annotation>
	<folder></folder>
	<filename>IMG_20221119_204148_jpg.rf.6216b2ae6d20880c9b53bbf0eb93bbd3.jpg</filename>
	<path>IMG_20221119_204148_jpg.rf.6216b2ae6d20880c9b53bbf0eb93bbd3.jpg</path>
	<source>
		<database>roboflow.ai</database>
	</source>
	<size>
		<width>300</width>
		<height>300</height>
		<depth>3</depth>
	</size>
	<segmented>0</segmented>
	<object>
		<name>king</name>
		<pose>Unspecified</pose>
		<truncated>0</truncated>
		<difficult>0</difficult>
		<occluded>0</occluded>
		<bndbox>
			<xmin>76</xmin>
			<xmax>212</xmax>
			<ymin>74</ymin>
			<ymax>150</ymax>
		</bndbox>
	</object>
	<object>
		<name>kassil</name>
		<pose>Unspecified</pose>
		<truncated>0</truncated>
		<difficult>0</difficult>
		<occluded>0</occluded>
		<bndbox>
			<xmin>94</xmin>
			<xmax>246</xmax>
			<ymin>91</ymin>
			<ymax>177</ymax>
		</bndbox>
	</object>
</annotation>
