<annotation>
	<folder></folder>
	<filename>IMG_20221119_204917_jpg.rf.a3821b6dfe5f5fec28d8bdb09881f919.jpg</filename>
	<path>IMG_20221119_204917_jpg.rf.a3821b6dfe5f5fec28d8bdb09881f919.jpg</path>
	<source>
		<database>roboflow.ai</database>
	</source>
	<size>
		<width>300</width>
		<height>300</height>
		<depth>3</depth>
	</size>
	<segmented>0</segmented>
	<object>
		<name>king</name>
		<pose>Unspecified</pose>
		<truncated>0</truncated>
		<difficult>0</difficult>
		<occluded>0</occluded>
		<bndbox>
			<xmin>36</xmin>
			<xmax>101</xmax>
			<ymin>167</ymin>
			<ymax>254</ymax>
		</bndbox>
	</object>
</annotation>
