<annotation>
	<folder></folder>
	<filename>IMG_20221119_211619_jpg.rf.705d93cb20a12e3f31e4de4e5ee7bffd.jpg</filename>
	<path>IMG_20221119_211619_jpg.rf.705d93cb20a12e3f31e4de4e5ee7bffd.jpg</path>
	<source>
		<database>roboflow.ai</database>
	</source>
	<size>
		<width>300</width>
		<height>300</height>
		<depth>3</depth>
	</size>
	<segmented>0</segmented>
	<object>
		<name>rosenberg</name>
		<pose>Unspecified</pose>
		<truncated>0</truncated>
		<difficult>0</difficult>
		<occluded>0</occluded>
		<bndbox>
			<xmin>95</xmin>
			<xmax>129</xmax>
			<ymin>111</ymin>
			<ymax>166</ymax>
		</bndbox>
	</object>
</annotation>
