<annotation>
	<folder></folder>
	<filename>IMG_20221119_205049_jpg.rf.721600bd970d737fa8d59f791755cc6f.jpg</filename>
	<path>IMG_20221119_205049_jpg.rf.721600bd970d737fa8d59f791755cc6f.jpg</path>
	<source>
		<database>roboflow.ai</database>
	</source>
	<size>
		<width>300</width>
		<height>300</height>
		<depth>3</depth>
	</size>
	<segmented>0</segmented>
	<object>
		<name>king</name>
		<pose>Unspecified</pose>
		<truncated>0</truncated>
		<difficult>0</difficult>
		<occluded>0</occluded>
		<bndbox>
			<xmin>24</xmin>
			<xmax>202</xmax>
			<ymin>81</ymin>
			<ymax>215</ymax>
		</bndbox>
	</object>
</annotation>
