<annotation>
	<folder></folder>
	<filename>IMG_20221119_205300_jpg.rf.4d11175cff0dce07153402d89b08ac7c.jpg</filename>
	<path>IMG_20221119_205300_jpg.rf.4d11175cff0dce07153402d89b08ac7c.jpg</path>
	<source>
		<database>roboflow.ai</database>
	</source>
	<size>
		<width>300</width>
		<height>300</height>
		<depth>3</depth>
	</size>
	<segmented>0</segmented>
	<object>
		<name>tolstoy</name>
		<pose>Unspecified</pose>
		<truncated>0</truncated>
		<difficult>0</difficult>
		<occluded>0</occluded>
		<bndbox>
			<xmin>152</xmin>
			<xmax>186</xmax>
			<ymin>129</ymin>
			<ymax>172</ymax>
		</bndbox>
	</object>
</annotation>
