<annotation>
	<folder></folder>
	<filename>IMG_20221119_205754_jpg.rf.425a4667779afbe70a0e72c055e6a9d9.jpg</filename>
	<path>IMG_20221119_205754_jpg.rf.425a4667779afbe70a0e72c055e6a9d9.jpg</path>
	<source>
		<database>roboflow.ai</database>
	</source>
	<size>
		<width>300</width>
		<height>300</height>
		<depth>3</depth>
	</size>
	<segmented>0</segmented>
	<object>
		<name>mitchell</name>
		<pose>Unspecified</pose>
		<truncated>0</truncated>
		<difficult>0</difficult>
		<occluded>0</occluded>
		<bndbox>
			<xmin>103</xmin>
			<xmax>217</xmax>
			<ymin>88</ymin>
			<ymax>202</ymax>
		</bndbox>
	</object>
</annotation>
