<annotation>
	<folder></folder>
	<filename>IMG_20221119_205318_jpg.rf.2504f73f4929a3001185bec326dc1a4a.jpg</filename>
	<path>IMG_20221119_205318_jpg.rf.2504f73f4929a3001185bec326dc1a4a.jpg</path>
	<source>
		<database>roboflow.ai</database>
	</source>
	<size>
		<width>300</width>
		<height>300</height>
		<depth>3</depth>
	</size>
	<segmented>0</segmented>
	<object>
		<name>tolstoy</name>
		<pose>Unspecified</pose>
		<truncated>0</truncated>
		<difficult>0</difficult>
		<occluded>0</occluded>
		<bndbox>
			<xmin>248</xmin>
			<xmax>271</xmax>
			<ymin>69</ymin>
			<ymax>100</ymax>
		</bndbox>
	</object>
</annotation>
